id,posicion,tank,tratamiento,poza,pool,puesta,clutch,repeticion,estadio,lcu,lco,lt,peso,fecha,medicion,medicion2,semana,dm,muerto,vivo
45,1,A,TEMP-2,20,C,3,C,1,39,12.36,20.97,33.22,0.37,20/03/2023,5,F,3,22,0,1
48,1,A,TEMP-2,20,C,3,C,1,39,12.18,20.44,32.68,0.38,20/03/2023,5,F,3,22,0,1
47,1,A,TEMP-2,20,C,3,C,1,39,12.53,19.86,32.1,0.4,20/03/2023,5,F,3,22,0,1
46,1,A,TEMP-2,20,C,3,C,1,39,12.44,20.86,33.66,0.4,20/03/2023,5,F,3,21,0,1
48,1,A,TEMP-2,20,C,3,C,1,38,11.1,19.86,31.42,0.37,16/03/2023,4,E,2,,0,1
45,1,A,TEMP-2,20,C,3,C,1,37,11.43,18.58,30.74,0.34,16/03/2023,4,E,2,,0,1
47,1,A,TEMP-2,20,C,3,C,1,38,11.74,18.28,30.12,0.33,16/03/2023,4,E,2,,0,1
46,1,A,TEMP-2,20,C,3,C,1,38,11.05,19.01,29.77,0.31,16/03/2023,4,E,2,,0,1
46,1,A,TEMP-2,20,C,3,C,1,37,11.07,16.76,27.92,0.26,12/03/2023,3,D,2,,0,1
47,1,A,TEMP-2,20,C,3,C,1,37,10.75,18.27,27.82,0.28,12/03/2023,3,D,2,,0,1
45,1,A,TEMP-2,20,C,3,C,1,37,10.84,16.8,27.29,0.23,12/03/2023,3,D,2,,0,1
48,1,A,TEMP-2,20,C,3,C,1,36,11.43,16.92,27.16,0.26,12/03/2023,3,D,2,,0,1
48,1,A,TEMP-2,20,C,3,C,1,34,10.18,15.12,24.78,0.2,08/03/2023,2,C,1,,0,1
46,1,A,TEMP-2,20,C,3,C,1,34,10.36,14.43,24.14,0.19,08/03/2023,2,C,1,,0,1
47,1,A,TEMP-2,20,C,3,C,1,34,9.49,13.41,23.7,0.18,08/03/2023,2,C,1,,0,1
45,1,A,TEMP-2,20,C,3,C,1,34,9.38,14.13,23.64,0.16,08/03/2023,2,C,1,,0,1
46,1,A,TEMP-2,20,C,3,C,1,31,8.16,12.5,20.77,0.11,04/03/2023,1,B,1,,0,1
48,1,A,TEMP-2,20,C,3,C,1,31,8.06,12.24,20.59,0.1,04/03/2023,1,B,1,,0,1
47,1,A,TEMP-2,20,C,3,C,1,31,8.04,11.55,19.49,0.11,04/03/2023,1,B,1,,0,1
45,1,A,TEMP-2,20,C,3,C,1,31,8.37,10.8,19.2,0.1,04/03/2023,1,B,1,,0,1
48,1,A,TEMP-2,20,C,3,C,1,27,5.27,9.98,16.2,0.05,28/02/2023,0,A,0,,0,1
46,1,A,TEMP-2,20,C,3,C,1,27,5.85,9.35,15.98,0.06,28/02/2023,0,A,0,,0,1
47,1,A,TEMP-2,20,C,3,C,1,27,5.78,8.6,15.58,0.05,28/02/2023,0,A,0,,0,1
45,1,A,TEMP-2,20,C,3,C,1,27,5.95,8.86,14.59,0.04,28/02/2023,0,A,0,,0,1
33,2,B,TEMP-3,9,A,1,A,1,37,11.8,17.82,29.3,0.31,12/03/2023,3,D,2,15,0,1
36,2,B,TEMP-3,9,A,1,A,1,37,11.17,17.1,27.89,0.28,12/03/2023,3,D,2,15,0,1
34,2,B,TEMP-3,9,A,1,A,1,37,11.85,16.62,28.82,0.31,12/03/2023,3,D,2,15,0,1
35,2,B,TEMP-3,9,A,1,A,1,37,10.85,18.81,30.5,0.31,12/03/2023,3,D,2,14,0,1
36,2,B,TEMP-3,9,A,1,A,1,36,11.36,17.1,28.77,0.29,08/03/2023,2,C,1,,0,1
34,2,B,TEMP-3,9,A,1,A,1,36,11.09,16.71,27.32,0.28,08/03/2023,2,C,1,,0,1
33,2,B,TEMP-3,9,A,1,A,1,36,10.74,15.78,26.52,0.28,08/03/2023,2,C,1,,0,1
35,2,B,TEMP-3,9,A,1,A,1,36,12.05,13.78,26.9,0.25,08/03/2023,2,C,1,,0,1
35,2,B,TEMP-3,9,A,1,A,1,31,9.13,13.22,21.5,0.14,04/03/2023,1,B,1,,0,1
36,2,B,TEMP-3,9,A,1,A,1,32,8.96,12.89,21.95,0.15,04/03/2023,1,B,1,,0,1
33,2,B,TEMP-3,9,A,1,A,1,31,9.03,11.93,21.02,0.13,04/03/2023,1,B,1,,0,1
34,2,B,TEMP-3,9,A,1,A,1,31,8.78,11.77,20.08,0.13,04/03/2023,1,B,1,,0,1
34,2,B,TEMP-3,9,A,1,A,1,27,6.4,8.66,14.98,0.04,28/02/2023,0,A,0,,0,1
33,2,B,TEMP-3,9,A,1,A,1,27,6.24,8.62,13.62,0.04,28/02/2023,0,A,0,,0,1
35,2,B,TEMP-3,9,A,1,A,1,27,6.33,8.39,14.91,0.04,28/02/2023,0,A,0,,0,1
36,2,B,TEMP-3,9,A,1,A,1,27,6.47,8.08,14.24,0.05,28/02/2023,0,A,0,,0,1
98,3,C,TEMP-2,11,B,2,B,4,39,13.31,20.99,34.3,0.37,24/03/2023,6,G,3,27,0,1
99,3,C,TEMP-2,11,B,2,B,4,39,12.33,21.18,33.51,0.42,24/03/2023,6,G,3,27,0,1
97,3,C,TEMP-2,11,B,2,B,4,40,12.14,21.49,34.13,0.41,24/03/2023,6,G,3,25,0,1
100,3,C,TEMP-2,11,B,2,B,4,40,13.03,20.93,33.96,0.47,24/03/2023,6,G,3,25,0,1
99,3,C,TEMP-2,11,B,2,B,4,39,12.97,20.59,33.56,0.44,20/03/2023,5,F,3,,0,1
100,3,C,TEMP-2,11,B,2,B,4,39,12.04,20.18,32.22,0.4,20/03/2023,5,F,3,,0,1
98,3,C,TEMP-2,11,B,2,B,4,38,12.96,19.2,31.99,0.38,20/03/2023,5,F,3,,0,1
97,3,C,TEMP-2,11,B,2,B,4,37,13.28,18.37,31.65,0.29,16/03/2023,4,E,2,,0,1
97,3,C,TEMP-2,11,B,2,B,4,38,12.46,19.14,31.45,0.36,20/03/2023,5,F,3,,0,1
98,3,C,TEMP-2,11,B,2,B,4,37,12.55,19.48,30.48,0.34,16/03/2023,4,E,2,,0,1
100,3,C,TEMP-2,11,B,2,B,4,35,10.51,18.16,28.53,0.28,12/03/2023,3,D,2,,0,1
98,3,C,TEMP-2,11,B,2,B,4,36,11.05,17.14,28.32,0.23,12/03/2023,3,D,2,,0,1
100,3,C,TEMP-2,11,B,2,B,4,37,11.55,17.02,28.05,0.27,16/03/2023,4,E,2,,0,1
99,3,C,TEMP-2,11,B,2,B,4,37,11.42,17.04,27.53,0.26,16/03/2023,4,E,2,,0,1
97,3,C,TEMP-2,11,B,2,B,4,35,10.17,19.45,26.84,0.24,12/03/2023,3,D,2,,0,1
99,3,C,TEMP-2,11,B,2,B,4,35,9.92,17.11,26.1,0.23,12/03/2023,3,D,2,,0,1
97,3,C,TEMP-2,11,B,2,B,4,34,10.69,14.97,25.86,0.2,08/03/2023,2,C,1,,0,1
100,3,C,TEMP-2,11,B,2,B,4,33,10.59,14.88,25.42,0.19,08/03/2023,2,C,1,,0,1
98,3,C,TEMP-2,11,B,2,B,4,33,9.71,15.71,24.69,0.18,08/03/2023,2,C,1,,0,1
99,3,C,TEMP-2,11,B,2,B,4,33,9.74,14.04,24.48,0.18,08/03/2023,2,C,1,,0,1
100,3,C,TEMP-2,11,B,2,B,4,30,7.97,12.47,20.17,0.09,04/03/2023,1,B,1,,0,1
97,3,C,TEMP-2,11,B,2,B,4,30,8.26,12.41,20.02,0.1,04/03/2023,1,B,1,,0,1
98,3,C,TEMP-2,11,B,2,B,4,29,7.7,11.13,18.69,0.1,04/03/2023,1,B,1,,0,1
99,3,C,TEMP-2,11,B,2,B,4,29,8.07,10.88,18.14,0.08,04/03/2023,1,B,1,,0,1
100,3,C,TEMP-2,11,B,2,B,4,27,5.72,9.02,15.61,0.03,28/02/2023,0,A,0,,0,1
99,3,C,TEMP-2,11,B,2,B,4,27,5.84,8.64,15.6,0.03,28/02/2023,0,A,0,,0,1
98,3,C,TEMP-2,11,B,2,B,4,27,5.3,8.81,14.25,0.03,28/02/2023,0,A,0,,0,1
97,3,C,TEMP-2,11,B,2,B,4,27,5.32,8.81,13.73,0.04,28/02/2023,0,A,0,,0,1
65,4,D,TEMP-2,9,A,1,A,1,38,13.08,20.31,33.18,0.46,20/03/2023,5,F,3,23,0,1
66,4,D,TEMP-2,9,A,1,A,1,39,11.78,18.16,30.67,0.36,20/03/2023,5,F,3,23,0,1
67,4,D,TEMP-2,9,A,1,A,1,39,12.82,20.64,32.74,0.43,20/03/2023,5,F,3,21,0,1
67,4,D,TEMP-2,9,A,1,A,1,37,12.73,19.56,31.54,0.4,16/03/2023,4,E,2,,0,1
66,4,D,TEMP-2,9,A,1,A,1,38,12.25,19.96,30.88,0.31,16/03/2023,4,E,2,,0,1
65,4,D,TEMP-2,9,A,1,A,1,38,12.21,20.51,30.25,0.38,16/03/2023,4,E,2,,0,1
67,4,D,TEMP-2,9,A,1,A,1,36,11.24,18.28,29.48,0.25,12/03/2023,3,D,2,,0,1
65,4,D,TEMP-2,9,A,1,A,1,35,11.03,17.94,28.86,0.31,12/03/2023,3,D,2,,0,1
66,4,D,TEMP-2,9,A,1,A,1,36,11.12,16.71,27.03,0.29,12/03/2023,3,D,2,,0,1
65,4,D,TEMP-2,9,A,1,A,1,33,10.84,14.63,25.81,0.25,08/03/2023,2,C,1,,0,1
66,4,D,TEMP-2,9,A,1,A,1,33,11.26,15,25.36,0.23,08/03/2023,2,C,1,,0,1
67,4,D,TEMP-2,9,A,1,A,1,33,9.58,13.93,24.16,0.2,08/03/2023,2,C,1,,0,1
66,4,D,TEMP-2,9,A,1,A,1,29,8.55,11.66,19.58,0.1,04/03/2023,1,B,1,,0,1
67,4,D,TEMP-2,9,A,1,A,1,29,8.26,11.62,18.91,0.1,04/03/2023,1,B,1,,0,1
65,4,D,TEMP-2,9,A,1,A,1,30,8.1,10.88,18.16,0.09,04/03/2023,1,B,1,,0,1
68,4,D,TEMP-2,9,A,1,A,1,27,6.14,8.5,15.27,0.03,28/02/2023,0,A,0,,0,1
67,4,D,TEMP-2,9,A,1,A,1,27,6.38,7.5,14.63,0.04,28/02/2023,0,A,0,,0,1
66,4,D,TEMP-2,9,A,1,A,1,27,5.92,8.32,14.26,0.04,28/02/2023,0,A,0,,0,1
65,4,D,TEMP-2,9,A,1,A,1,27,5.79,7.22,13.68,0.03,28/02/2023,0,A,0,,0,1
68,4,D,TEMP-2,9,A,1,A,1,29,,,,,04/03/2023,1,B,,,1,0
68,4,D,TEMP-2,9,A,1,A,1,,,,,,08/03/2023,2,C,,,1,
68,4,D,TEMP-2,9,A,1,A,1,,,,,,12/03/2023,3,D,,,1,
68,4,D,TEMP-2,9,A,1,A,1,,,,,,16/03/2023,4,E,,,1,
68,4,D,TEMP-2,9,A,1,A,1,,,,,,20/03/2023,5,F,,,1,
68,4,D,TEMP-2,9,A,1,A,1,,,,,,24/03/2023,6,G,,,1,
21,5,E,TEMP-3,20,C,3,C,4,38,11.28,17.99,29.36,0.31,12/03/2023,3,D,2,15,0,1
23,5,E,TEMP-3,20,C,3,C,4,38,10.54,17.02,27.56,0.26,12/03/2023,3,D,2,15,0,1
22,5,E,TEMP-3,20,C,3,C,4,38,10.6,16.29,27.01,0.26,12/03/2023,3,D,2,14,0,1
24,5,E,TEMP-3,20,C,3,C,4,38,11.12,17.28,27.74,0.25,12/03/2023,3,D,2,,0,1
24,5,E,TEMP-3,20,C,3,C,4,36,10.92,16.19,26.65,0.24,08/03/2023,2,C,1,,0,1
21,5,E,TEMP-3,20,C,3,C,4,36,10.92,15.81,25.84,0.22,08/03/2023,2,C,1,,0,1
22,5,E,TEMP-3,20,C,3,C,4,35,10.9,15.77,26.86,0.24,08/03/2023,2,C,1,,0,1
23,5,E,TEMP-3,20,C,3,C,4,35,10.12,15.43,25.94,0.23,08/03/2023,2,C,1,,0,1
23,5,E,TEMP-3,20,C,3,C,4,31,8.14,12.36,20.74,0.13,04/03/2023,1,B,1,,0,1
24,5,E,TEMP-3,20,C,3,C,4,32,8.15,12.05,20.1,0.11,04/03/2023,1,B,1,,0,1
21,5,E,TEMP-3,20,C,3,C,4,31,7.9,11.66,19.74,0.1,04/03/2023,1,B,1,,0,1
22,5,E,TEMP-3,20,C,3,C,4,31,7.76,10.96,19.35,0.08,04/03/2023,1,B,1,,0,1
23,5,E,TEMP-3,20,C,3,C,4,27,5.95,9.5,15.05,0.04,28/02/2023,0,A,0,,0,1
22,5,E,TEMP-3,20,C,3,C,4,27,6.9,8.95,15.52,0.05,28/02/2023,0,A,0,,0,1
21,5,E,TEMP-3,20,C,3,C,4,27,5.77,8.57,15.03,0.04,28/02/2023,0,A,0,,0,1
24,5,E,TEMP-3,20,C,3,C,4,27,5.48,8.32,14.4,0.04,28/02/2023,0,A,0,,0,1
137,6,F,TEMP-3,11,B,2,B,2,41,12.15,18.56,30.23,0.27,16/03/2023,4,E,2,17,0,1
138,6,F,TEMP-3,11,B,2,B,2,41,12.43,18.35,30.78,0.26,16/03/2023,4,E,2,16,0,1
139,6,F,TEMP-3,11,B,2,B,2,37,10.14,18.75,28.77,0.3,12/03/2023,3,D,2,15,0,1
137,6,F,TEMP-3,11,B,2,B,2,37,11.23,18.32,29.55,0.28,12/03/2023,3,D,2,,0,1
138,6,F,TEMP-3,11,B,2,B,2,37,11.21,18.13,29.34,0.32,12/03/2023,3,D,2,,0,1
138,6,F,TEMP-3,11,B,2,B,2,34,10.7,17.06,18.03,0.21,08/03/2023,2,C,1,,0,1
137,6,F,TEMP-3,11,B,2,B,2,35,10.8,17.01,26.55,0.25,08/03/2023,2,C,1,,0,1
139,6,F,TEMP-3,11,B,2,B,2,35,10.4,15.6,25,0.28,08/03/2023,2,C,1,,0,1
139,6,F,TEMP-3,11,B,2,B,2,30,8.47,11.97,20.01,0.07,04/03/2023,1,B,1,,0,1
137,6,F,TEMP-3,11,B,2,B,2,29,8.32,11.24,19.32,0.08,04/03/2023,1,B,1,,0,1
138,6,F,TEMP-3,11,B,2,B,2,30,7.43,10.89,19.11,0.09,04/03/2023,1,B,1,,0,1
140,6,F,TEMP-3,11,B,2,B,2,27,5.67,10,15.86,0.03,28/02/2023,0,A,0,,0,1
137,6,F,TEMP-3,11,B,2,B,2,27,5.6,9.88,15.38,0.03,28/02/2023,0,A,0,,0,1
139,6,F,TEMP-3,11,B,2,B,2,27,5.82,9.32,15.4,0.03,28/02/2023,0,A,0,,0,1
138,6,F,TEMP-3,11,B,2,B,2,27,5.79,9.3,15.15,0.04,28/02/2023,0,A,0,,0,1
140,6,F,TEMP-3,11,B,2,B,2,30,,,,,04/03/2023,1,B,,,1,0
140,6,F,TEMP-3,11,B,2,B,2,,,,,,08/03/2023,2,C,,,1,
140,6,F,TEMP-3,11,B,2,B,2,,,,,,12/03/2023,3,D,,,1,
140,6,F,TEMP-3,11,B,2,B,2,,,,,,16/03/2023,4,E,,,1,
4,7,G,TEMP-1,9,A,1,A,1,40,12.35,22.45,35.47,0.52,28/03/2023,7,H,4,31,0,1
3,7,G,TEMP-1,9,A,1,A,1,40,12.62,22.36,34.87,0.51,28/03/2023,7,H,4,31,0,1
2,7,G,TEMP-1,9,A,1,A,1,40,13.18,22.06,34.64,0.46,01/04/2023,8,I,4,31,0,1
1,7,G,TEMP-1,9,A,1,A,1,40,13.16,21.79,35.05,0.54,28/03/2023,7,H,4,31,0,1
4,7,G,TEMP-1,9,A,1,A,1,36,12.98,22.03,34.12,0.43,24/03/2023,6,G,3,,0,1
1,7,G,TEMP-1,9,A,1,A,1,36,12.38,21.52,34.49,0.5,24/03/2023,6,G,3,,0,1
2,7,G,TEMP-1,9,A,1,A,1,40,12.64,21.08,33.59,0.46,28/03/2023,7,H,4,,0,1
2,7,G,TEMP-1,9,A,1,A,1,37,12.75,20.89,33.01,0.48,24/03/2023,6,G,3,,0,1
3,7,G,TEMP-1,9,A,1,A,1,37,13.35,20.61,33.42,0.49,24/03/2023,6,G,3,,0,1
4,7,G,TEMP-1,9,A,1,A,1,36,12.26,20.22,31.21,0.37,20/03/2023,5,F,3,,0,1
1,7,G,TEMP-1,9,A,1,A,1,36,12.19,19.85,32.66,0.41,20/03/2023,5,F,3,,0,1
2,7,G,TEMP-1,9,A,1,A,1,36,12.76,19.81,29.98,0.38,20/03/2023,5,F,3,,0,1
3,7,G,TEMP-1,9,A,1,A,1,36,12.12,19.28,31.34,0.37,20/03/2023,5,F,3,,0,1
3,7,G,TEMP-1,9,A,1,A,1,34,11.52,18.67,29.05,0.3,16/03/2023,4,E,2,,0,1
4,7,G,TEMP-1,9,A,1,A,1,34,10.95,18.03,29.86,0.29,16/03/2023,4,E,2,,0,1
2,7,G,TEMP-1,9,A,1,A,1,34,11.81,17.27,28.66,0.28,16/03/2023,4,E,2,,0,1
1,7,G,TEMP-1,9,A,1,A,1,34,11.77,16.58,28.35,0.34,16/03/2023,4,E,2,,0,1
1,7,G,TEMP-1,9,A,1,A,1,33,10.34,15.83,25.2,0.24,12/03/2023,3,D,2,,0,1
3,7,G,TEMP-1,9,A,1,A,1,33,9.96,15.43,25.5,0.23,12/03/2023,3,D,2,,0,1
2,7,G,TEMP-1,9,A,1,A,1,33,9.79,15.2,25.07,0.23,12/03/2023,3,D,2,,0,1
4,7,G,TEMP-1,9,A,1,A,1,33,9.69,15.16,25.35,0.21,12/03/2023,3,D,2,,0,1
2,7,G,TEMP-1,9,A,1,A,1,30,9,13.18,20.43,0.13,08/03/2023,2,C,1,,0,1
3,7,G,TEMP-1,9,A,1,A,1,31,9.15,13.18,21.51,0.16,08/03/2023,2,C,1,,0,1
4,7,G,TEMP-1,9,A,1,A,1,31,9.67,13.17,22.29,0.16,08/03/2023,2,C,1,,0,1
1,7,G,TEMP-1,9,A,1,A,1,31,8.97,12.88,21.82,0.15,08/03/2023,2,C,1,,0,1
3,7,G,TEMP-1,9,A,1,A,1,28,6.78,11.08,18.43,0.08,04/03/2023,1,B,1,,0,1
1,7,G,TEMP-1,9,A,1,A,1,28,7.42,10.59,17.09,0.07,04/03/2023,1,B,1,,0,1
2,7,G,TEMP-1,9,A,1,A,1,28,7.41,10.52,17.84,0.08,04/03/2023,1,B,1,,0,1
4,7,G,TEMP-1,9,A,1,A,1,28,7.26,10.21,18.49,0.09,04/03/2023,1,B,1,,0,1
4,7,G,TEMP-1,9,A,1,A,1,27,6.2,8.8,15.07,0.04,28/02/2023,0,A,0,,0,1
1,7,G,TEMP-1,9,A,1,A,1,27,6.14,8.7,14.5,0.04,28/02/2023,0,A,0,,0,1
3,7,G,TEMP-1,9,A,1,A,1,27,6.2,8.3,14.4,0.03,28/02/2023,0,A,0,,0,1
2,7,G,TEMP-1,9,A,1,A,1,27,6.1,8.1,14.62,0.04,28/02/2023,0,A,0,,0,1
3,7,G,TEMP-1,9,A,1,A,1,41,,,,,01/04/2023,8,I,,,1,0
4,7,G,TEMP-1,9,A,1,A,1,41,,,,,01/04/2023,8,I,,,1,0
118,8,H,TEMP-1,11,B,2,B,1,41,12.57,23.27,35.62,0.46,01/04/2023,8,I,4,33,0,1
119,8,H,TEMP-1,11,B,2,B,1,40,12.39,20.4,31.7,0.42,28/03/2023,7,H,4,33,0,1
120,8,H,TEMP-1,11,B,2,B,1,41,11.21,20.24,30.82,0.3,01/04/2023,8,I,4,33,0,1
117,8,H,TEMP-1,11,B,2,B,1,41,11.24,20.86,31.44,0.33,01/04/2023,8,I,4,29,0,1
118,8,H,TEMP-1,11,B,2,B,1,40,13.12,23.13,35.8,0.46,28/03/2023,7,H,4,,0,1
119,8,H,TEMP-1,11,B,2,B,1,37,11.58,22.24,34.16,0.43,24/03/2023,6,G,3,,0,1
120,8,H,TEMP-1,11,B,2,B,1,40,12.22,21.75,33.49,0.38,28/03/2023,7,H,4,,0,1
118,8,H,TEMP-1,11,B,2,B,1,37,10.97,20.87,32.29,0.34,24/03/2023,6,G,3,,0,1
120,8,H,TEMP-1,11,B,2,B,1,37,11.38,19.49,30.36,0.33,24/03/2023,6,G,3,,0,1
120,8,H,TEMP-1,11,B,2,B,1,36,10.59,19.48,30.85,0.33,20/03/2023,5,F,3,,0,1
117,8,H,TEMP-1,11,B,2,B,1,40,11.71,18.91,31.03,0.35,28/03/2023,7,H,4,,0,1
117,8,H,TEMP-1,11,B,2,B,1,37,10.92,18.62,31.14,0.36,24/03/2023,6,G,3,,0,1
118,8,H,TEMP-1,11,B,2,B,1,35,10.92,18.4,29.34,0.24,20/03/2023,5,F,3,,0,1
117,8,H,TEMP-1,11,B,2,B,1,36,9.94,18.2,28.59,0.27,20/03/2023,5,F,3,,0,1
119,8,H,TEMP-1,11,B,2,B,1,36,10.14,17.68,28.3,0.27,20/03/2023,5,F,3,,0,1
118,8,H,TEMP-1,11,B,2,B,1,34,9.91,17.16,27.2,0.19,16/03/2023,4,E,2,,0,1
117,8,H,TEMP-1,11,B,2,B,1,34,10.75,16.44,27.54,0.23,16/03/2023,4,E,2,,0,1
120,8,H,TEMP-1,11,B,2,B,1,34,9.21,16.15,25.98,0.21,16/03/2023,4,E,2,,0,1
119,8,H,TEMP-1,11,B,2,B,1,34,8.94,16.13,25.56,0.19,16/03/2023,4,E,2,,0,1
117,8,H,TEMP-1,11,B,2,B,1,33,9.43,15.38,24.78,0.18,12/03/2023,3,D,2,,0,1
118,8,H,TEMP-1,11,B,2,B,1,33,8.72,15.05,24.57,0.16,12/03/2023,3,D,2,,0,1
120,8,H,TEMP-1,11,B,2,B,1,33,9.41,14.51,23.67,0.16,12/03/2023,3,D,2,,0,1
119,8,H,TEMP-1,11,B,2,B,1,33,9.06,13.67,23.3,0.16,12/03/2023,3,D,2,,0,1
120,8,H,TEMP-1,11,B,2,B,1,30,9.42,13.37,21.74,0.12,08/03/2023,2,C,1,,0,1
117,8,H,TEMP-1,11,B,2,B,1,31,8.74,13.18,21.63,0.12,08/03/2023,2,C,1,,0,1
118,8,H,TEMP-1,11,B,2,B,1,30,8.35,12.52,20.42,0.11,08/03/2023,2,C,1,,0,1
119,8,H,TEMP-1,11,B,2,B,1,31,7.82,12.4,20.31,0.11,08/03/2023,2,C,1,,0,1
117,8,H,TEMP-1,11,B,2,B,1,28,6.82,10.38,17.42,0.07,04/03/2023,1,B,1,,0,1
118,8,H,TEMP-1,11,B,2,B,1,28,7.08,10.02,16.32,0.07,04/03/2023,1,B,1,,0,1
119,8,H,TEMP-1,11,B,2,B,1,28,6.7,9.75,16.38,0.05,04/03/2023,1,B,1,,0,1
120,8,H,TEMP-1,11,B,2,B,1,29,6.61,9.71,17.31,0.07,04/03/2023,1,B,1,,0,1
117,8,H,TEMP-1,11,B,2,B,1,27,5.43,9.27,15.59,0.03,28/02/2023,0,A,0,,0,1
118,8,H,TEMP-1,11,B,2,B,1,27,5.4,9.04,14.51,0.04,28/02/2023,0,A,0,,0,1
120,8,H,TEMP-1,11,B,2,B,1,27,5.95,8.9,14.98,0.03,28/02/2023,0,A,0,,0,1
119,8,H,TEMP-1,11,B,2,B,1,27,5.17,8.61,14.1,0.03,28/02/2023,0,A,0,,0,1
63,9,I,TEMP-1,20,C,3,C,1,40,12.87,21.65,34.33,0.44,28/03/2023,7,H,4,29,0,1
62,9,I,TEMP-1,20,C,3,C,1,41,12.75,20.79,33.67,0.44,28/03/2023,7,H,4,28,0,1
64,9,I,TEMP-1,20,C,3,C,1,38,12.25,22.86,36.12,0.55,24/03/2023,6,G,3,27,0,1
61,9,I,TEMP-1,20,C,3,C,1,37,11.97,21.37,34.15,0.46,24/03/2023,6,G,3,27,0,1
62,9,I,TEMP-1,20,C,3,C,1,36,12.02,21.24,33.98,0.43,20/03/2023,5,F,3,,0,1
62,9,I,TEMP-1,20,C,3,C,1,37,12.17,21.05,32.92,0.43,24/03/2023,6,G,3,,0,1
63,9,I,TEMP-1,20,C,3,C,1,38,12.31,21.02,33.48,0.48,24/03/2023,6,G,3,,0,1
63,9,I,TEMP-1,20,C,3,C,1,36,12.38,19.95,32.31,0.42,20/03/2023,5,F,3,,0,1
64,9,I,TEMP-1,20,C,3,C,1,36,11.58,19.82,31.34,0.4,20/03/2023,5,F,3,,0,1
61,9,I,TEMP-1,20,C,3,C,1,36,11.28,19.81,31.33,0.36,16/03/2023,4,E,2,,0,1
61,9,I,TEMP-1,20,C,3,C,1,36,11.73,19.54,31.9,0.4,20/03/2023,5,F,3,,0,1
62,9,I,TEMP-1,20,C,3,C,1,36,11.11,18.91,29.96,0.34,16/03/2023,4,E,2,,0,1
64,9,I,TEMP-1,20,C,3,C,1,35,11.14,18.68,29.19,0.31,16/03/2023,4,E,2,,0,1
63,9,I,TEMP-1,20,C,3,C,1,34,11.16,18.64,28.81,0.32,16/03/2023,4,E,2,,0,1
62,9,I,TEMP-1,20,C,3,C,1,34,9.81,16.36,27.19,0.26,12/03/2023,3,D,2,,0,1
63,9,I,TEMP-1,20,C,3,C,1,34,9.9,15.81,26.12,0.24,12/03/2023,3,D,2,,0,1
64,9,I,TEMP-1,20,C,3,C,1,34,9.56,15.67,25.22,0.23,12/03/2023,3,D,2,,0,1
61,9,I,TEMP-1,20,C,3,C,1,34,9.85,15.62,25.28,0.23,12/03/2023,3,D,2,,0,1
61,9,I,TEMP-1,20,C,3,C,1,31,8.97,14.01,22.53,0.15,08/03/2023,2,C,1,,0,1
63,9,I,TEMP-1,20,C,3,C,1,30,9.63,13.75,23.84,0.17,08/03/2023,2,C,1,,0,1
64,9,I,TEMP-1,20,C,3,C,1,30,9.42,13.18,22.89,0.16,08/03/2023,2,C,1,,0,1
62,9,I,TEMP-1,20,C,3,C,1,31,9.32,12.54,22.06,0.16,08/03/2023,2,C,1,,0,1
62,9,I,TEMP-1,20,C,3,C,1,29,7.85,10.85,18.57,0.09,04/03/2023,1,B,1,,0,1
64,9,I,TEMP-1,20,C,3,C,1,29,7.8,10.62,18.9,0.1,04/03/2023,1,B,1,,0,1
63,9,I,TEMP-1,20,C,3,C,1,29,7.12,10.13,17.47,0.09,04/03/2023,1,B,1,,0,1
61,9,I,TEMP-1,20,C,3,C,1,29,7.67,10.03,18.02,0.09,04/03/2023,1,B,1,,0,1
62,9,I,TEMP-1,20,C,3,C,1,27,6.08,9.51,15.43,0.04,28/02/2023,0,A,0,,0,1
64,9,I,TEMP-1,20,C,3,C,1,27,6.1,9.22,14.91,0.04,28/02/2023,0,A,0,,0,1
61,9,I,TEMP-1,20,C,3,C,1,27,5.58,8.76,15.14,0.04,28/02/2023,0,A,0,,0,1
63,9,I,TEMP-1,20,C,3,C,1,27,5.57,8.53,15.29,0.05,28/02/2023,0,A,0,,0,1
42,10,J,TEMP-2,9,A,1,A,4,39,13.34,20.78,34.12,0.44,20/03/2023,5,F,3,22,0,1
43,10,J,TEMP-2,9,A,1,A,4,39,13.35,20.42,33.31,0.45,20/03/2023,5,F,3,22,0,1
44,10,J,TEMP-2,9,A,1,A,4,39,13.14,20.63,33.09,0.45,20/03/2023,5,F,3,22,0,1
41,10,J,TEMP-2,9,A,1,A,4,40,12.56,14.68,27.57,0.29,24/03/2023,6,G,3,22,0,1
41,10,J,TEMP-2,9,A,1,A,4,39,12.6,19.61,32.67,0.39,20/03/2023,5,F,3,,0,1
44,10,J,TEMP-2,9,A,1,A,4,37,13.02,18.52,31.04,0.36,16/03/2023,4,E,2,,0,1
42,10,J,TEMP-2,9,A,1,A,4,37,12.33,18.43,30.56,0.33,16/03/2023,4,E,2,,0,1
43,10,J,TEMP-2,9,A,1,A,4,37,13.24,18.13,30.44,0.37,16/03/2023,4,E,2,,0,1
41,10,J,TEMP-2,9,A,1,A,4,37,12.91,18.74,29.37,0.3,16/03/2023,4,E,2,,0,1
42,10,J,TEMP-2,9,A,1,A,4,36,11.52,17.35,28.57,0.3,12/03/2023,3,D,2,,0,1
43,10,J,TEMP-2,9,A,1,A,4,36,11.39,17.76,28.41,0.3,12/03/2023,3,D,2,,0,1
44,10,J,TEMP-2,9,A,1,A,4,36,11.27,17.37,28.12,0.32,12/03/2023,3,D,2,,0,1
41,10,J,TEMP-2,9,A,1,A,4,36,11.7,16.8,26.62,0.29,12/03/2023,3,D,2,,0,1
43,10,J,TEMP-2,9,A,1,A,4,34,10.17,14.49,25.48,0.19,08/03/2023,2,C,1,,0,1
42,10,J,TEMP-2,9,A,1,A,4,34,10.69,15.58,25.33,0.22,08/03/2023,2,C,1,,0,1
41,10,J,TEMP-2,9,A,1,A,4,33,10.36,14.79,24.37,0.22,08/03/2023,2,C,1,,0,1
44,10,J,TEMP-2,9,A,1,A,4,34,10.04,14.13,23.69,0.19,08/03/2023,2,C,1,,0,1
43,10,J,TEMP-2,9,A,1,A,4,29,8.73,10.5,19.45,0.09,04/03/2023,1,B,1,,0,1
42,10,J,TEMP-2,9,A,1,A,4,30,8.17,10.61,18.94,0.09,04/03/2023,1,B,1,,0,1
41,10,J,TEMP-2,9,A,1,A,4,29,8.15,11.11,18.7,0.1,04/03/2023,1,B,1,,0,1
44,10,J,TEMP-2,9,A,1,A,4,29,8,11.17,18.37,0.1,04/03/2023,1,B,1,,0,1
42,10,J,TEMP-2,9,A,1,A,4,27,5.6,8.11,14.53,0.04,28/02/2023,0,A,0,,0,1
44,10,J,TEMP-2,9,A,1,A,4,27,6.14,8.32,14.22,0.04,28/02/2023,0,A,0,,0,1
43,10,J,TEMP-2,9,A,1,A,4,27,5.95,8.58,14.15,0.03,28/02/2023,0,A,0,,0,1
41,10,J,TEMP-2,9,A,1,A,4,27,5.91,8.35,14.1,0.05,28/02/2023,0,A,0,,0,1
107,11,K,TEMP-3,11,B,2,B,3,37,11.2,18.42,29.37,0.29,12/03/2023,3,D,2,15,0,1
105,11,K,TEMP-3,11,B,2,B,3,37,10.87,16.41,27.48,0.27,12/03/2023,3,D,2,13,0,1
108,11,K,TEMP-3,11,B,2,B,3,37,10.73,15.71,25.92,0.22,12/03/2023,3,D,2,13,0,1
106,11,K,TEMP-3,11,B,2,B,3,37,10.65,15.66,26.08,0.22,12/03/2023,3,D,2,13,0,1
105,11,K,TEMP-3,11,B,2,B,3,36,11.02,17.19,27.28,0.24,08/03/2023,2,C,1,,0,1
108,11,K,TEMP-3,11,B,2,B,3,36,10.39,14.89,24.67,0.22,08/03/2023,2,C,1,,0,1
106,11,K,TEMP-3,11,B,2,B,3,35,10.48,14.04,24.25,0.2,08/03/2023,2,C,1,,0,1
107,11,K,TEMP-3,11,B,2,B,3,35,10.96,13.79,25.8,0.22,08/03/2023,2,C,1,,0,1
107,11,K,TEMP-3,11,B,2,B,3,30,8.44,12.6,20.7,0.1,04/03/2023,1,B,1,,0,1
105,11,K,TEMP-3,11,B,2,B,3,30,8.52,11.5,19.46,0.1,04/03/2023,1,B,1,,0,1
106,11,K,TEMP-3,11,B,2,B,3,31,8.39,11.25,19.56,0.09,04/03/2023,1,B,1,,0,1
108,11,K,TEMP-3,11,B,2,B,3,30,8.4,10.63,18.48,0.08,04/03/2023,1,B,1,,0,1
106,11,K,TEMP-3,11,B,2,B,3,27,6.05,9.75,14.75,0.04,28/02/2023,0,A,0,,0,1
107,11,K,TEMP-3,11,B,2,B,3,27,5.63,8.74,14.6,0.04,28/02/2023,0,A,0,,0,1
105,11,K,TEMP-3,11,B,2,B,3,27,5.89,8.21,14.85,0.03,28/02/2023,0,A,0,,0,1
108,11,K,TEMP-3,11,B,2,B,3,27,5.67,7.71,13.78,0.04,28/02/2023,0,A,0,,0,1
38,12,L,TEMP-3,20,C,3,C,1,41,11.32,18.56,29.88,0.33,16/03/2023,4,E,2,17,0,1
39,12,L,TEMP-3,20,C,3,C,1,41,10.83,17.1,21.28,0.24,16/03/2023,4,E,2,17,0,1
40,12,L,TEMP-3,20,C,3,C,1,37,11.19,18.15,28.76,0.31,12/03/2023,3,D,2,15,0,1
37,12,L,TEMP-3,20,C,3,C,1,37,11.2,14.89,25.92,0.29,12/03/2023,3,D,2,13,0,1
38,12,L,TEMP-3,20,C,3,C,1,38,10.87,16.77,27.02,0.28,12/03/2023,3,D,2,,0,1
39,12,L,TEMP-3,20,C,3,C,1,37,10.51,15.65,26.32,0.25,12/03/2023,3,D,2,,0,1
40,12,L,TEMP-3,20,C,3,C,1,35,10.23,15.46,25.96,0.24,08/03/2023,2,C,1,,0,1
39,12,L,TEMP-3,20,C,3,C,1,36,10.15,13.92,23.96,0.21,08/03/2023,2,C,1,,0,1
38,12,L,TEMP-3,20,C,3,C,1,36,10.47,13.42,22.73,0.21,08/03/2023,2,C,1,,0,1
37,12,L,TEMP-3,20,C,3,C,1,35,9.86,13.3,23.34,0.19,08/03/2023,2,C,1,,0,1
40,12,L,TEMP-3,20,C,3,C,1,31,7.84,12.18,19.51,0.1,04/03/2023,1,B,1,,0,1
37,12,L,TEMP-3,20,C,3,C,1,31,7.88,11.84,19.47,0.1,04/03/2023,1,B,1,,0,1
38,12,L,TEMP-3,20,C,3,C,1,30,7.27,10.11,17.3,0.08,04/03/2023,1,B,1,,0,1
39,12,L,TEMP-3,20,C,3,C,1,31,7.78,9.87,18.1,0.11,04/03/2023,1,B,1,,0,1
37,12,L,TEMP-3,20,C,3,C,1,27,5.86,9.05,14.87,0.03,28/02/2023,0,A,0,,0,1
40,12,L,TEMP-3,20,C,3,C,1,27,5.82,8.36,13.92,0.04,28/02/2023,0,A,0,,0,1
39,12,L,TEMP-3,20,C,3,C,1,27,6.16,8.03,14.77,0.04,28/02/2023,0,A,0,,0,1
38,12,L,TEMP-3,20,C,3,C,1,27,5.92,7.74,13.92,0.03,28/02/2023,0,A,0,,0,1
131,13,M,TEMP-2,11,B,2,B,3,38,11.02,18.92,29.58,0.25,20/03/2023,5,F,3,22,0,1
129,13,M,TEMP-2,11,B,2,B,3,38,11.6,17.87,28.75,0.24,20/03/2023,5,F,3,22,0,1
130,13,M,TEMP-2,11,B,2,B,3,39,12.37,19.13,30.96,0.33,20/03/2023,5,F,3,21,0,1
129,13,M,TEMP-2,11,B,2,B,3,37,11.45,16.85,30.01,0.35,16/03/2023,4,E,2,,0,1
131,13,M,TEMP-2,11,B,2,B,3,38,11.11,16.6,29.52,0.27,16/03/2023,4,E,2,,0,1
130,13,M,TEMP-2,11,B,2,B,3,38,11.6,16.36,28.12,0.24,16/03/2023,4,E,2,,0,1
131,13,M,TEMP-2,11,B,2,B,3,36,10.16,16.68,26.56,0.23,12/03/2023,3,D,2,,0,1
130,13,M,TEMP-2,11,B,2,B,3,36,10.22,16.11,26.3,0.26,12/03/2023,3,D,2,,0,1
129,13,M,TEMP-2,11,B,2,B,3,36,10.09,15.18,25.48,0.2,12/03/2023,3,D,2,,0,1
131,13,M,TEMP-2,11,B,2,B,3,34,9.76,13.9,24.39,0.18,08/03/2023,2,C,1,,0,1
130,13,M,TEMP-2,11,B,2,B,3,33,9.44,13.89,22.52,0.15,08/03/2023,2,C,1,,0,1
129,13,M,TEMP-2,11,B,2,B,3,33,9.13,12.99,22.5,0.18,08/03/2023,2,C,1,,0,1
131,13,M,TEMP-2,11,B,2,B,3,30,8.11,11.69,19.71,0.09,04/03/2023,1,B,1,,0,1
130,13,M,TEMP-2,11,B,2,B,3,29,7.39,10.05,17.92,0.07,04/03/2023,1,B,1,,0,1
129,13,M,TEMP-2,11,B,2,B,3,29,7.67,10.19,17.6,0.07,04/03/2023,1,B,1,,0,1
131,13,M,TEMP-2,11,B,2,B,3,27,5.48,8.84,14.99,0.03,28/02/2023,0,A,0,,0,1
129,13,M,TEMP-2,11,B,2,B,3,27,5.83,9.11,14.84,0.04,28/02/2023,0,A,0,,0,1
130,13,M,TEMP-2,11,B,2,B,3,27,5.77,9.22,14.65,0.03,28/02/2023,0,A,0,,0,1
132,13,M,TEMP-2,11,B,2,B,3,27,5.8,8.82,14.65,0.03,28/02/2023,0,A,0,,0,1
132,13,M,TEMP-2,11,B,2,B,3,29,,,,,04/03/2023,1,B,,,1,0
132,13,M,TEMP-2,11,B,2,B,3,,,,,,08/03/2023,2,C,,,1,
132,13,M,TEMP-2,11,B,2,B,3,,,,,,12/03/2023,3,D,,,1,
132,13,M,TEMP-2,11,B,2,B,3,,,,,,16/03/2023,4,E,,,1,
132,13,M,TEMP-2,11,B,2,B,3,,,,,,20/03/2023,5,F,,,1,
75,14,N,TEMP-3,9,A,1,A,2,40,12.53,14.76,27.2,0.26,16/03/2023,4,E,2,17,0,1
76,14,N,TEMP-3,9,A,1,A,2,40,12.39,14.54,26.58,0.31,16/03/2023,4,E,2,17,0,1
73,14,N,TEMP-3,9,A,1,A,2,38,11.33,17.03,27.39,0.33,12/03/2023,3,D,2,15,0,1
74,14,N,TEMP-3,9,A,1,A,2,37,10.76,15.56,25.48,0.28,12/03/2023,3,D,2,15,0,1
76,14,N,TEMP-3,9,A,1,A,2,37,10.84,15.25,26.18,0.25,12/03/2023,3,D,2,,0,1
73,14,N,TEMP-3,9,A,1,A,2,35,10.53,14.36,23.72,0.26,08/03/2023,2,C,1,,0,1
76,14,N,TEMP-3,9,A,1,A,2,35,10.82,14.3,24.64,0.27,08/03/2023,2,C,1,,0,1
75,14,N,TEMP-3,9,A,1,A,2,37,10.58,13.71,25.44,0.25,12/03/2023,3,D,2,,0,1
74,14,N,TEMP-3,9,A,1,A,2,35,10.43,13.25,22.84,0.23,08/03/2023,2,C,1,,0,1
75,14,N,TEMP-3,9,A,1,A,2,34,10.18,12.08,22.5,0.24,08/03/2023,2,C,1,,0,1
75,14,N,TEMP-3,9,A,1,A,2,30,8.69,11.73,19.94,0.12,04/03/2023,1,B,1,,0,1
74,14,N,TEMP-3,9,A,1,A,2,29,7.94,11.21,18.25,0.09,04/03/2023,1,B,1,,0,1
73,14,N,TEMP-3,9,A,1,A,2,29,7.73,10.52,18.51,0.09,04/03/2023,1,B,1,,0,1
76,14,N,TEMP-3,9,A,1,A,2,29,7.63,10.41,18.01,0.08,04/03/2023,1,B,1,,0,1
74,14,N,TEMP-3,9,A,1,A,2,27,5.85,9.11,14.71,0.04,28/02/2023,0,A,0,,0,1
73,14,N,TEMP-3,9,A,1,A,2,27,5.97,9.11,15,0.04,28/02/2023,0,A,0,,0,1
76,14,N,TEMP-3,9,A,1,A,2,27,5.95,8.86,14.88,0.04,28/02/2023,0,A,0,,0,1
75,14,N,TEMP-3,9,A,1,A,2,27,5.81,7.18,13.27,0.04,28/02/2023,0,A,0,,0,1
15,15,O,TEMP-2,20,C,3,C,2,41,11.83,20.82,32.97,0.33,24/03/2023,6,G,3,22,0,1
13,15,O,TEMP-2,20,C,3,C,2,38,11.28,19.79,32.09,0.33,20/03/2023,5,F,3,22,0,1
16,15,O,TEMP-2,20,C,3,C,2,38,11,18.37,30.34,0.35,20/03/2023,5,F,3,22,0,1
14,15,O,TEMP-2,20,C,3,C,2,33,10.38,14.67,26.18,0.26,24/03/2023,6,G,3,22,0,1
14,15,O,TEMP-2,20,C,3,C,2,39,11.94,19.86,31.56,0.35,20/03/2023,5,F,3,,0,1
15,15,O,TEMP-2,20,C,3,C,2,39,12.32,18.69,30.46,0.37,20/03/2023,5,F,3,,0,1
16,15,O,TEMP-2,20,C,3,C,2,37,11.47,19.37,30.13,0.33,16/03/2023,4,E,2,,0,1
15,15,O,TEMP-2,20,C,3,C,2,36,10.41,18.77,29.75,0.26,16/03/2023,4,E,2,,0,1
14,15,O,TEMP-2,20,C,3,C,2,37,11.18,17.3,29.22,0.36,16/03/2023,4,E,2,,0,1
13,15,O,TEMP-2,20,C,3,C,2,37,11.22,17.6,28.53,0.36,16/03/2023,4,E,2,,0,1
15,15,O,TEMP-2,20,C,3,C,2,35,10.71,16.92,26.79,0.21,12/03/2023,3,D,2,,0,1
14,15,O,TEMP-2,20,C,3,C,2,34,9.73,17.04,26.56,0.2,12/03/2023,3,D,2,,0,1
13,15,O,TEMP-2,20,C,3,C,2,36,10.93,14.83,25.85,0.28,12/03/2023,3,D,2,,0,1
16,15,O,TEMP-2,20,C,3,C,2,35,9.98,15.13,25.37,0.24,12/03/2023,3,D,2,,0,1
13,15,O,TEMP-2,20,C,3,C,2,33,9.82,14.4,23.42,0.19,08/03/2023,2,C,1,,0,1
14,15,O,TEMP-2,20,C,3,C,2,32,8.87,13.88,22.35,0.12,08/03/2023,2,C,1,,0,1
15,15,O,TEMP-2,20,C,3,C,2,33,9.45,13.17,21.95,0.18,08/03/2023,2,C,1,,0,1
16,15,O,TEMP-2,20,C,3,C,2,33,9.12,12.39,21.72,0.17,08/03/2023,2,C,1,,0,1
13,15,O,TEMP-2,20,C,3,C,2,29,7.36,10.91,18.55,0.07,04/03/2023,1,B,1,,0,1
15,15,O,TEMP-2,20,C,3,C,2,30,6.57,10.81,17.72,0.05,04/03/2023,1,B,1,,0,1
16,15,O,TEMP-2,20,C,3,C,2,29,6.29,10.82,17.13,0.05,04/03/2023,1,B,1,,0,1
14,15,O,TEMP-2,20,C,3,C,2,30,7.14,9.43,16.48,0.07,04/03/2023,1,B,1,,0,1
13,15,O,TEMP-2,20,C,3,C,2,27,6.31,9.11,15.8,0.05,28/02/2023,0,A,0,,0,1
15,15,O,TEMP-2,20,C,3,C,2,27,5.32,9.01,14.99,0.03,28/02/2023,0,A,0,,0,1
16,15,O,TEMP-2,20,C,3,C,2,27,5.92,9.03,14.55,0.04,28/02/2023,0,A,0,,0,1
14,15,O,TEMP-2,20,C,3,C,2,27,5.81,7.62,13.43,0.03,28/02/2023,0,A,0,,0,1
79,16,P,TEMP-1,20,C,3,C,2,40,12.51,21.14,32.52,0.4,01/04/2023,8,I,4,38,0,1
77,16,P,TEMP-1,20,C,3,C,2,41,11.85,19.5,31.47,0.34,01/04/2023,8,I,4,36,0,1
78,16,P,TEMP-1,20,C,3,C,2,41,12.02,17.57,29.03,0.35,01/04/2023,8,I,4,36,0,1
80,16,P,TEMP-1,20,C,3,C,2,37,11.3,19.56,30.5,0.38,24/03/2023,6,G,3,27,0,1
77,16,P,TEMP-1,20,C,3,C,2,40,12.02,20.83,31.68,0.42,28/03/2023,7,H,4,,0,1
79,16,P,TEMP-1,20,C,3,C,2,37,11.31,19.86,30.74,0.42,24/03/2023,6,G,3,,0,1
79,16,P,TEMP-1,20,C,3,C,2,39,11.73,19.86,31.86,0.41,28/03/2023,7,H,4,,0,1
77,16,P,TEMP-1,20,C,3,C,2,38,11.28,19.47,30.37,0.37,24/03/2023,6,G,3,,0,1
79,16,P,TEMP-1,20,C,3,C,2,36,10.95,18.59,29.65,0.32,20/03/2023,5,F,3,,0,1
80,16,P,TEMP-1,20,C,3,C,2,36,11.28,18.01,28.68,0.31,20/03/2023,5,F,3,,0,1
77,16,P,TEMP-1,20,C,3,C,2,35,10.35,17.57,28.35,0.29,20/03/2023,5,F,3,,0,1
78,16,P,TEMP-1,20,C,3,C,2,40,11.29,17.36,29.54,0.35,28/03/2023,7,H,4,,0,1
78,16,P,TEMP-1,20,C,3,C,2,37,11.16,16.53,27.75,0.34,24/03/2023,6,G,3,,0,1
77,16,P,TEMP-1,20,C,3,C,2,35,10.31,16.5,26.58,0.26,16/03/2023,4,E,2,,0,1
79,16,P,TEMP-1,20,C,3,C,2,35,9.98,16.07,25.21,0.23,16/03/2023,4,E,2,,0,1
80,16,P,TEMP-1,20,C,3,C,2,33,9.89,15.72,25.66,0.22,12/03/2023,3,D,2,,0,1
77,16,P,TEMP-1,20,C,3,C,2,34,9.98,15.44,25.7,0.22,12/03/2023,3,D,2,,0,1
78,16,P,TEMP-1,20,C,3,C,2,35,10.33,15.43,26.65,0.27,20/03/2023,5,F,3,,0,1
78,16,P,TEMP-1,20,C,3,C,2,35,9.98,15.41,24.93,0.23,16/03/2023,4,E,2,,0,1
79,16,P,TEMP-1,20,C,3,C,2,34,9.51,15.07,25.29,0.2,12/03/2023,3,D,2,,0,1
80,16,P,TEMP-1,20,C,3,C,2,34,9.58,14.2,23.91,0.22,16/03/2023,4,E,2,,0,1
79,16,P,TEMP-1,20,C,3,C,2,31,8.85,14.02,21.54,0.15,08/03/2023,2,C,1,,0,1
78,16,P,TEMP-1,20,C,3,C,2,33,9.59,13.82,22.56,0.18,12/03/2023,3,D,2,,0,1
80,16,P,TEMP-1,20,C,3,C,2,31,8.99,13.39,22.07,0.15,08/03/2023,2,C,1,,0,1
78,16,P,TEMP-1,20,C,3,C,2,31,8.76,12.83,21.32,0.15,08/03/2023,2,C,1,,0,1
77,16,P,TEMP-1,20,C,3,C,2,31,8.86,11.68,19.6,0.14,08/03/2023,2,C,1,,0,1
77,16,P,TEMP-1,20,C,3,C,2,29,7.4,10.56,18.6,0.09,04/03/2023,1,B,1,,0,1
79,16,P,TEMP-1,20,C,3,C,2,28,6.57,10.49,17.59,0.08,04/03/2023,1,B,1,,0,1
78,16,P,TEMP-1,20,C,3,C,2,28,6.95,10.06,16.99,0.08,04/03/2023,1,B,1,,0,1
79,16,P,TEMP-1,20,C,3,C,2,27,5.96,9.41,15.95,0.05,28/02/2023,0,A,0,,0,1
78,16,P,TEMP-1,20,C,3,C,2,27,5.79,8.93,14.56,0.04,28/02/2023,0,A,0,,0,1
80,16,P,TEMP-1,20,C,3,C,2,27,6.04,8.91,14.69,0.04,28/02/2023,0,A,0,,0,1
80,16,P,TEMP-1,20,C,3,C,2,28,7.11,8.32,14.96,0.08,04/03/2023,1,B,1,,0,1
77,16,P,TEMP-1,20,C,3,C,2,27,5.92,7.43,13.37,0.04,28/02/2023,0,A,0,,0,1
9,17,Q,TEMP-1,9,A,1,A,2,41,12.22,21.15,32.81,0.44,01/04/2023,8,I,4,38,0,1
11,17,Q,TEMP-1,9,A,1,A,2,41,12.08,21.44,32.49,0.4,01/04/2023,8,I,4,36,0,1
10,17,Q,TEMP-1,9,A,1,A,2,41,12.17,21.24,33.38,0.43,01/04/2023,8,I,4,36,0,1
12,17,Q,TEMP-1,9,A,1,A,2,40,11.35,20.05,31.69,0.38,01/04/2023,8,I,4,36,0,1
10,17,Q,TEMP-1,9,A,1,A,2,40,12.47,21.11,33.28,0.48,28/03/2023,7,H,4,,0,1
9,17,Q,TEMP-1,9,A,1,A,2,37,12.89,20.52,31.58,0.39,24/03/2023,6,G,3,,0,1
11,17,Q,TEMP-1,9,A,1,A,2,40,12.67,20.29,32.66,0.41,28/03/2023,7,H,4,,0,1
9,17,Q,TEMP-1,9,A,1,A,2,40,13.45,19.8,32.49,0.46,28/03/2023,7,H,4,,0,1
12,17,Q,TEMP-1,9,A,1,A,2,40,12.27,19.36,31.44,0.41,28/03/2023,7,H,4,,0,1
10,17,Q,TEMP-1,9,A,1,A,2,37,11.65,19.09,30.75,0.36,24/03/2023,6,G,3,,0,1
11,17,Q,TEMP-1,9,A,1,A,2,36,12.61,18.71,30.46,0.36,20/03/2023,5,F,3,,0,1
11,17,Q,TEMP-1,9,A,1,A,2,37,12.25,18.28,30.43,0.41,24/03/2023,6,G,3,,0,1
12,17,Q,TEMP-1,9,A,1,A,2,37,12.17,18.07,30.26,0.37,24/03/2023,6,G,3,,0,1
10,17,Q,TEMP-1,9,A,1,A,2,36,12.22,17.99,29.7,0.33,20/03/2023,5,F,3,,0,1
12,17,Q,TEMP-1,9,A,1,A,2,36,11.76,17.48,29.93,0.34,20/03/2023,5,F,3,,0,1
9,17,Q,TEMP-1,9,A,1,A,2,36,11.74,17.25,29.1,0.3,20/03/2023,5,F,3,,0,1
9,17,Q,TEMP-1,9,A,1,A,2,35,11.05,16.8,26.43,0.25,16/03/2023,4,E,2,,0,1
11,17,Q,TEMP-1,9,A,1,A,2,34,10.94,16.33,27.31,0.28,16/03/2023,4,E,2,,0,1
10,17,Q,TEMP-1,9,A,1,A,2,34,10.34,15.9,25.85,0.24,16/03/2023,4,E,2,,0,1
12,17,Q,TEMP-1,9,A,1,A,2,34,11.38,15.81,25.48,0.27,16/03/2023,4,E,2,,0,1
11,17,Q,TEMP-1,9,A,1,A,2,33,9.79,15.21,24.99,0.21,12/03/2023,3,D,2,,0,1
10,17,Q,TEMP-1,9,A,1,A,2,34,9.66,14.87,24.4,0.19,12/03/2023,3,D,2,,0,1
12,17,Q,TEMP-1,9,A,1,A,2,33,10.24,14.72,25.37,0.22,12/03/2023,3,D,2,,0,1
9,17,Q,TEMP-1,9,A,1,A,2,33,9.61,14.63,24.29,0.21,12/03/2023,3,D,2,,0,1
10,17,Q,TEMP-1,9,A,1,A,2,31,9.29,14,22.71,0.19,08/03/2023,2,C,1,,0,1
9,17,Q,TEMP-1,9,A,1,A,2,31,9.28,13.25,22.42,0.15,08/03/2023,2,C,1,,0,1
12,17,Q,TEMP-1,9,A,1,A,2,31,9.5,12.85,22.65,0.16,08/03/2023,2,C,1,,0,1
11,17,Q,TEMP-1,9,A,1,A,2,30,9.53,12,21.78,0.14,08/03/2023,2,C,1,,0,1
9,17,Q,TEMP-1,9,A,1,A,2,28,7.44,11.1,18.12,0.09,04/03/2023,1,B,1,,0,1
10,17,Q,TEMP-1,9,A,1,A,2,28,6.92,10.86,17.8,0.08,04/03/2023,1,B,1,,0,1
12,17,Q,TEMP-1,9,A,1,A,2,28,7.56,10.27,17.64,0.09,04/03/2023,1,B,1,,0,1
11,17,Q,TEMP-1,9,A,1,A,2,28,7.34,10.09,16.51,0.07,04/03/2023,1,B,1,,0,1
10,17,Q,TEMP-1,9,A,1,A,2,27,5.91,9.56,15.1,0.04,28/02/2023,0,A,0,,0,1
11,17,Q,TEMP-1,9,A,1,A,2,27,6.46,8.95,15.22,0.04,28/02/2023,0,A,0,,0,1
12,17,Q,TEMP-1,9,A,1,A,2,27,6.28,8.34,14.6,0.04,28/02/2023,0,A,0,,0,1
9,17,Q,TEMP-1,9,A,1,A,2,27,6.21,7.8,13.52,0.04,28/02/2023,0,A,0,,0,1
144,18,R,TEMP-1,11,B,2,B,2,40,11.77,21.19,32.39,0.38,28/03/2023,7,H,4,31,0,1
142,18,R,TEMP-1,11,B,2,B,2,39,12.71,20.93,33.84,0.52,28/03/2023,7,H,4,31,0,1
143,18,R,TEMP-1,11,B,2,B,2,40,12.01,20.79,31.71,0.35,28/03/2023,7,H,4,31,0,1
141,18,R,TEMP-1,11,B,2,B,2,40,11.76,19.58,30.7,0.34,28/03/2023,7,H,4,31,0,1
144,18,R,TEMP-1,11,B,2,B,2,37,11.32,19.5,30.17,0.32,24/03/2023,6,G,3,,0,1
143,18,R,TEMP-1,11,B,2,B,2,37,11.08,18.8,29.76,0.34,24/03/2023,6,G,3,,0,1
144,18,R,TEMP-1,11,B,2,B,2,36,10.6,18.62,28.83,0.28,20/03/2023,5,F,3,,0,1
142,18,R,TEMP-1,11,B,2,B,2,36,10.8,18.37,28.98,0.28,20/03/2023,5,F,3,,0,1
141,18,R,TEMP-1,11,B,2,B,2,36,10.68,18.06,29.03,0.29,20/03/2023,5,F,3,,0,1
142,18,R,TEMP-1,11,B,2,B,2,37,11.24,18.02,29.4,0.31,24/03/2023,6,G,3,,0,1
143,18,R,TEMP-1,11,B,2,B,2,36,10.72,17.13,27.61,0.24,20/03/2023,5,F,3,,0,1
142,18,R,TEMP-1,11,B,2,B,2,34,10.14,16.85,26.64,0.24,16/03/2023,4,E,2,,0,1
141,18,R,TEMP-1,11,B,2,B,2,37,11.15,15.72,25.58,0.33,24/03/2023,6,G,3,,0,1
143,18,R,TEMP-1,11,B,2,B,2,34,9.16,15.53,25.31,0.21,16/03/2023,4,E,2,,0,1
141,18,R,TEMP-1,11,B,2,B,2,34,10.32,15.41,25.5,0.24,16/03/2023,4,E,2,,0,1
141,18,R,TEMP-1,11,B,2,B,2,33,9.3,15.1,24.59,0.18,12/03/2023,3,D,2,,0,1
144,18,R,TEMP-1,11,B,2,B,2,34,9.34,14.86,24.54,0.18,16/03/2023,4,E,2,,0,1
142,18,R,TEMP-1,11,B,2,B,2,33,8.4,13.5,21.87,0.19,12/03/2023,3,D,2,,0,1
143,18,R,TEMP-1,11,B,2,B,2,33,9.61,13.25,22.95,0.17,12/03/2023,3,D,2,,0,1
144,18,R,TEMP-1,11,B,2,B,2,33,8.97,13.07,21.8,0.14,12/03/2023,3,D,2,,0,1
143,18,R,TEMP-1,11,B,2,B,2,30,8.25,12.44,20.5,0.12,08/03/2023,2,C,1,,0,1
142,18,R,TEMP-1,11,B,2,B,2,30,7.83,12.37,19.59,0.09,08/03/2023,2,C,1,,0,1
141,18,R,TEMP-1,11,B,2,B,2,30,7.37,11.2,18.66,0.1,08/03/2023,2,C,1,,0,1
144,18,R,TEMP-1,11,B,2,B,2,30,7,10.84,18.14,0.08,08/03/2023,2,C,1,,0,1
144,18,R,TEMP-1,11,B,2,B,2,28,6.52,9.89,16.34,0.05,04/03/2023,1,B,1,,0,1
142,18,R,TEMP-1,11,B,2,B,2,28,6.11,9.71,15.82,0.05,04/03/2023,1,B,1,,0,1
143,18,R,TEMP-1,11,B,2,B,2,28,6.28,9.57,16.17,0.05,04/03/2023,1,B,1,,0,1
141,18,R,TEMP-1,11,B,2,B,2,28,5.64,9.22,15.09,0.05,04/03/2023,1,B,1,,0,1
143,18,R,TEMP-1,11,B,2,B,2,27,6.02,9.14,15.15,0.03,28/02/2023,0,A,0,,0,1
142,18,R,TEMP-1,11,B,2,B,2,27,5.67,8.96,14.8,0.04,28/02/2023,0,A,0,,0,1
141,18,R,TEMP-1,11,B,2,B,2,27,5.84,8.84,15.03,0.03,28/02/2023,0,A,0,,0,1
144,18,R,TEMP-1,11,B,2,B,2,27,5.68,8.61,13.58,0.03,28/02/2023,0,A,0,,0,1
56,19,S,TEMP-3,20,C,3,C,3,41,12.62,18.3,30.15,0.3,16/03/2023,4,E,2,17,0,1
54,19,S,TEMP-3,20,C,3,C,3,38,11.42,18.32,28.71,0.31,12/03/2023,3,D,2,15,0,1
53,19,S,TEMP-3,20,C,3,C,3,38,11.42,16.12,27.15,0.27,12/03/2023,3,D,2,14,0,1
55,19,S,TEMP-3,20,C,3,C,3,38,10.73,16.08,26.79,0.29,12/03/2023,3,D,2,14,0,1
56,19,S,TEMP-3,20,C,3,C,3,38,11.62,17.56,29.14,0.32,12/03/2023,3,D,2,,0,1
53,19,S,TEMP-3,20,C,3,C,3,36,10.79,15.89,26.67,0.24,08/03/2023,2,C,1,,0,1
54,19,S,TEMP-3,20,C,3,C,3,36,10.97,15.49,26.53,0.21,08/03/2023,2,C,1,,0,1
55,19,S,TEMP-3,20,C,3,C,3,36,10.47,14.91,25.43,0.21,08/03/2023,2,C,1,,0,1
56,19,S,TEMP-3,20,C,3,C,3,36,10.28,14.13,25.44,0.16,08/03/2023,2,C,1,,0,1
54,19,S,TEMP-3,20,C,3,C,3,33,8.68,12.75,21.35,0.13,04/03/2023,1,B,1,,0,1
53,19,S,TEMP-3,20,C,3,C,3,33,7.75,12.15,20.45,0.12,04/03/2023,1,B,1,,0,1
55,19,S,TEMP-3,20,C,3,C,3,31,8.01,12.09,20.5,0.11,04/03/2023,1,B,1,,0,1
56,19,S,TEMP-3,20,C,3,C,3,33,7.96,11.4,19.18,0.11,04/03/2023,1,B,1,,0,1
53,19,S,TEMP-3,20,C,3,C,3,27,5.59,9.04,14.73,0.04,28/02/2023,0,A,0,,0,1
55,19,S,TEMP-3,20,C,3,C,3,27,5.64,9.02,14.67,0.04,28/02/2023,0,A,0,,0,1
56,19,S,TEMP-3,20,C,3,C,3,27,5.35,8.89,14.52,0.05,28/02/2023,0,A,0,,0,1
54,19,S,TEMP-3,20,C,3,C,3,27,5.97,7.36,13.92,0.04,28/02/2023,0,A,0,,0,1
49,20,T,TEMP-2,9,A,1,A,3,39,12.21,19.12,31.96,0.41,24/03/2023,6,G,3,27,0,1
50,20,T,TEMP-2,9,A,1,A,3,39,12.91,14.15,27.15,0.4,24/03/2023,6,G,3,27,0,1
52,20,T,TEMP-2,9,A,1,A,3,41,12.41,18.32,28.76,0.33,24/03/2023,6,G,3,24,0,1
51,20,T,TEMP-2,9,A,1,A,3,38,12.16,19.13,30.47,0.43,20/03/2023,5,F,3,23,0,1
50,20,T,TEMP-2,9,A,1,A,3,39,11.57,16.8,29.62,0.38,20/03/2023,5,F,3,,0,1
51,20,T,TEMP-2,9,A,1,A,3,37,12.52,16.36,28.42,0.3,16/03/2023,4,E,2,,0,1
52,20,T,TEMP-2,9,A,1,A,3,38,11.88,16.76,28.29,0.39,16/03/2023,4,E,2,,0,1
52,20,T,TEMP-2,9,A,1,A,3,39,11.38,17.21,28.19,0.36,20/03/2023,5,F,3,,0,1
50,20,T,TEMP-2,9,A,1,A,3,37,11.73,16.57,26.9,0.33,16/03/2023,4,E,2,,0,1
49,20,T,TEMP-2,9,A,1,A,3,38,13.28,13.64,26.49,0.41,20/03/2023,5,F,3,,0,1
51,20,T,TEMP-2,9,A,1,A,3,35,10.29,15.34,25.14,0.27,12/03/2023,3,D,2,,0,1
49,20,T,TEMP-2,9,A,1,A,3,37,12.47,12.33,24.82,0.36,16/03/2023,4,E,2,,0,1
52,20,T,TEMP-2,9,A,1,A,3,35,9.87,15.25,24.79,0.24,12/03/2023,3,D,2,,0,1
50,20,T,TEMP-2,9,A,1,A,3,35,10.52,14.27,23.56,0.27,12/03/2023,3,D,2,,0,1
51,20,T,TEMP-2,9,A,1,A,3,33,9.84,14.74,22.73,0.17,08/03/2023,2,C,1,,0,1
49,20,T,TEMP-2,9,A,1,A,3,33,10.65,14.03,22.68,0.16,08/03/2023,2,C,1,,0,1
52,20,T,TEMP-2,9,A,1,A,3,33,10,11.58,21.55,0.18,08/03/2023,2,C,1,,0,1
49,20,T,TEMP-2,9,A,1,A,3,35,9.81,11.57,20.46,0.21,12/03/2023,3,D,2,,0,1
51,20,T,TEMP-2,9,A,1,A,3,29,8.32,10.14,19.42,0.09,04/03/2023,1,B,1,,0,1
50,20,T,TEMP-2,9,A,1,A,3,32,9.54,9.12,18.25,0.15,08/03/2023,2,C,1,,0,1
52,20,T,TEMP-2,9,A,1,A,3,30,7.91,11.04,17.36,0.08,04/03/2023,1,B,1,,0,1
50,20,T,TEMP-2,9,A,1,A,3,30,7.92,9.55,17.24,0.09,04/03/2023,1,B,1,,0,1
49,20,T,TEMP-2,9,A,1,A,3,30,7.42,7.92,15.62,0.07,04/03/2023,1,B,1,,0,1
52,20,T,TEMP-2,9,A,1,A,3,27,6.48,8.8,15.22,0.05,28/02/2023,0,A,0,,0,1
50,20,T,TEMP-2,9,A,1,A,3,27,6.15,8.36,14.67,0.04,28/02/2023,0,A,0,,0,1
51,20,T,TEMP-2,9,A,1,A,3,27,6.1,8.39,13.98,0.04,28/02/2023,0,A,0,,0,1
49,20,T,TEMP-2,9,A,1,A,3,27,6.15,7.08,13.33,0.03,28/02/2023,0,A,0,,0,1
114,21,U,TEMP-3,11,B,2,B,1,40,11.44,15.79,26.69,0.35,20/03/2023,5,F,3,21,0,1
113,21,U,TEMP-3,11,B,2,B,1,40,11.57,16.18,26.18,0.29,16/03/2023,4,E,2,17,0,1
114,21,U,TEMP-3,11,B,2,B,1,37,9.98,15.71,25.68,0.25,12/03/2023,3,D,2,,0,1
114,21,U,TEMP-3,11,B,2,B,1,39,11.86,14.3,26.37,0.32,16/03/2023,4,E,2,,0,1
114,21,U,TEMP-3,11,B,2,B,1,34,8.99,12.92,21.54,0.19,08/03/2023,2,C,1,,0,1
113,21,U,TEMP-3,11,B,2,B,1,33,9.88,11.19,19.7,0.13,08/03/2023,2,C,1,,0,1
114,21,U,TEMP-3,11,B,2,B,1,29,7.32,10.24,16.95,0.07,04/03/2023,1,B,1,,0,1
113,21,U,TEMP-3,11,B,2,B,1,30,7.75,10.13,17.98,0.07,04/03/2023,1,B,1,,0,1
113,21,U,TEMP-3,11,B,2,B,1,36,9.91,10.02,23.51,0.21,12/03/2023,3,D,2,,0,1
115,21,U,TEMP-3,11,B,2,B,1,27,6.07,9.24,15.04,0.03,28/02/2023,0,A,0,,0,1
116,21,U,TEMP-3,11,B,2,B,1,27,5.63,9.14,14.52,0.04,28/02/2023,0,A,0,,0,1
113,21,U,TEMP-3,11,B,2,B,1,27,5.24,8.6,14.55,0.04,28/02/2023,0,A,0,,0,1
114,21,U,TEMP-3,11,B,2,B,1,27,5.73,8.43,14.85,0.03,28/02/2023,0,A,0,,0,1
115,21,U,TEMP-3,11,B,2,B,1,29,,,,,04/03/2023,1,B,,,1,0
115,21,U,TEMP-3,11,B,2,B,1,,,,,,08/03/2023,2,C,,,1,
115,21,U,TEMP-3,11,B,2,B,1,,,,,,12/03/2023,3,D,,,1,
115,21,U,TEMP-3,11,B,2,B,1,,,,,,16/03/2023,4,E,,,1,
116,21,U,TEMP-3,11,B,2,B,1,29,,,,,04/03/2023,1,B,,,1,0
116,21,U,TEMP-3,11,B,2,B,1,,,,,,08/03/2023,2,C,,,1,
116,21,U,TEMP-3,11,B,2,B,1,,,,,,12/03/2023,3,D,,,1,
116,21,U,TEMP-3,11,B,2,B,1,,,,,,16/03/2023,4,E,,,1,
31,22,V,TEMP-2,20,C,3,C,4,41,12.18,18.12,29.77,0.37,20/03/2023,5,F,3,21,0,1
30,22,V,TEMP-2,20,C,3,C,4,39,11.59,17.28,28.66,0.32,20/03/2023,5,F,3,21,0,1
29,22,V,TEMP-2,20,C,3,C,4,39,11.65,16.25,27.82,0.3,20/03/2023,5,F,3,21,0,1
31,22,V,TEMP-2,20,C,3,C,4,38,11.06,18.35,29.4,0.38,16/03/2023,4,E,2,,0,1
29,22,V,TEMP-2,20,C,3,C,4,39,10.77,17.36,28.4,0.29,16/03/2023,4,E,2,,0,1
32,22,V,TEMP-2,20,C,3,C,4,38,11.23,17.73,27.37,0.34,16/03/2023,4,E,2,,0,1
30,22,V,TEMP-2,20,C,3,C,4,37,10.89,15.97,27.08,0.3,16/03/2023,4,E,2,,0,1
29,22,V,TEMP-2,20,C,3,C,4,37,10.91,17.1,26.86,0.29,12/03/2023,3,D,2,,0,1
32,22,V,TEMP-2,20,C,3,C,4,36,10.65,16.16,26.79,0.31,12/03/2023,3,D,2,,0,1
30,22,V,TEMP-2,20,C,3,C,4,37,10.48,14.94,25.63,0.3,12/03/2023,3,D,2,,0,1
31,22,V,TEMP-2,20,C,3,C,4,36,10.66,15.3,25.34,0.26,12/03/2023,3,D,2,,0,1
29,22,V,TEMP-2,20,C,3,C,4,34,9.82,13.85,23.51,0.22,08/03/2023,2,C,1,,0,1
30,22,V,TEMP-2,20,C,3,C,4,33,10.14,13.92,23.37,0.19,08/03/2023,2,C,1,,0,1
32,22,V,TEMP-2,20,C,3,C,4,33,8.89,13.49,22.99,0.18,08/03/2023,2,C,1,,0,1
29,22,V,TEMP-2,20,C,3,C,4,29,6.84,10.14,22.95,0.1,04/03/2023,1,B,1,,0,1
31,22,V,TEMP-2,20,C,3,C,4,33,9.71,12.7,21.71,0.16,08/03/2023,2,C,1,,0,1
32,22,V,TEMP-2,20,C,3,C,4,31,7.97,10.7,19.91,0.12,04/03/2023,1,B,1,,0,1
30,22,V,TEMP-2,20,C,3,C,4,29,7.07,10.82,19.04,0.1,04/03/2023,1,B,1,,0,1
31,22,V,TEMP-2,20,C,3,C,4,29,7.02,10.55,18.4,0.09,04/03/2023,1,B,1,,0,1
29,22,V,TEMP-2,20,C,3,C,4,27,6.13,9.03,15.96,0.05,28/02/2023,0,A,0,,0,1
30,22,V,TEMP-2,20,C,3,C,4,27,5.17,7.78,14.97,0.04,28/02/2023,0,A,0,,0,1
32,22,V,TEMP-2,20,C,3,C,4,27,5.77,9.18,14.89,0.04,28/02/2023,0,A,0,,0,1
31,22,V,TEMP-2,20,C,3,C,4,27,5.82,8.54,14.64,0.04,28/02/2023,0,A,0,,0,1
32,22,V,TEMP-2,20,C,3,C,4,39,,,,,20/03/2023,5,F,,,1,0
32,22,V,TEMP-2,20,C,3,C,4,,,,,,24/03/2023,6,G,,,1,
135,23,W,TEMP-2,11,B,2,B,2,40,13.34,21.3,34.09,0.32,20/03/2023,5,F,3,22,0,1
136,23,W,TEMP-2,11,B,2,B,2,40,11.26,14.38,26.83,0.37,20/03/2023,5,F,3,22,0,1
134,23,W,TEMP-2,11,B,2,B,2,40,12.08,20.66,33.56,0.33,20/03/2023,5,F,3,21,0,1
133,23,W,TEMP-2,11,B,2,B,2,39,10.68,20.29,31.7,0.31,16/03/2023,4,E,2,20,0,1
134,23,W,TEMP-2,11,B,2,B,2,37,11.25,20.64,32.68,0.34,16/03/2023,4,E,2,,0,1
136,23,W,TEMP-2,11,B,2,B,2,37,10.91,20.49,31.79,0.32,16/03/2023,4,E,2,,0,1
135,23,W,TEMP-2,11,B,2,B,2,38,11.08,18.37,29.7,0.3,16/03/2023,4,E,2,,0,1
133,23,W,TEMP-2,11,B,2,B,2,36,10.36,18.38,29.31,0.25,12/03/2023,3,D,2,,0,1
136,23,W,TEMP-2,11,B,2,B,2,36,10.11,17.25,28.25,0.24,12/03/2023,3,D,2,,0,1
134,23,W,TEMP-2,11,B,2,B,2,35,10.54,17.81,28.09,0.25,12/03/2023,3,D,2,,0,1
135,23,W,TEMP-2,11,B,2,B,2,36,10.14,16.23,26.51,0.22,12/03/2023,3,D,2,,0,1
133,23,W,TEMP-2,11,B,2,B,2,33,9.77,15.46,24.93,0.15,08/03/2023,2,C,1,,0,1
136,23,W,TEMP-2,11,B,2,B,2,33,9.72,15.68,24.27,0.14,08/03/2023,2,C,1,,0,1
135,23,W,TEMP-2,11,B,2,B,2,33,9.15,14.78,23.45,0.15,08/03/2023,2,C,1,,0,1
134,23,W,TEMP-2,11,B,2,B,2,32,9.16,13.21,22.38,0.14,08/03/2023,2,C,1,,0,1
135,23,W,TEMP-2,11,B,2,B,2,29,7.41,12.49,20.19,0.08,04/03/2023,1,B,1,,0,1
133,23,W,TEMP-2,11,B,2,B,2,30,7.59,11.4,19.02,0.08,04/03/2023,1,B,1,,0,1
136,23,W,TEMP-2,11,B,2,B,2,29,7.01,10.99,18.55,0.07,04/03/2023,1,B,1,,0,1
134,23,W,TEMP-2,11,B,2,B,2,29,7.32,11.33,18.12,0.07,04/03/2023,1,B,1,,0,1
136,23,W,TEMP-2,11,B,2,B,2,27,5.82,9.07,15.63,0.03,28/02/2023,0,A,0,,0,1
134,23,W,TEMP-2,11,B,2,B,2,27,5.54,9.92,15.52,0.03,28/02/2023,0,A,0,,0,1
133,23,W,TEMP-2,11,B,2,B,2,27,5.84,8.98,15.46,0.03,28/02/2023,0,A,0,,0,1
135,23,W,TEMP-2,11,B,2,B,2,27,5.01,8.51,13.6,0.04,28/02/2023,0,A,0,,0,1
91,24,X,TEMP-3,9,A,1,A,3,41,12.01,16.71,29.34,0.3,16/03/2023,4,E,2,17,0,1
90,24,X,TEMP-3,9,A,1,A,3,41,12.32,16.52,30.81,0.31,16/03/2023,4,E,2,17,0,1
89,24,X,TEMP-3,9,A,1,A,3,38,10.9,17.07,27.73,0.27,12/03/2023,3,D,2,14,0,1
90,24,X,TEMP-3,9,A,1,A,3,38,10.35,17.43,28.47,0.33,12/03/2023,3,D,2,,0,1
91,24,X,TEMP-3,9,A,1,A,3,37,11.68,16.97,28.62,0.35,12/03/2023,3,D,2,,0,1
91,24,X,TEMP-3,9,A,1,A,3,35,11.4,16.02,26.72,0.25,08/03/2023,2,C,1,,0,1
90,24,X,TEMP-3,9,A,1,A,3,34,11.68,15.87,25.55,0.21,08/03/2023,2,C,1,,0,1
92,24,X,TEMP-3,9,A,1,A,3,37,11.13,15.78,27.71,0.32,12/03/2023,3,D,2,,0,1
89,24,X,TEMP-3,9,A,1,A,3,35,11.2,15.16,27.01,0.19,08/03/2023,2,C,1,,0,1
92,24,X,TEMP-3,9,A,1,A,3,35,9.92,14.41,24.69,0.23,08/03/2023,2,C,1,,0,1
90,24,X,TEMP-3,9,A,1,A,3,32,8.69,11.29,20.51,0.12,04/03/2023,1,B,1,,0,1
92,24,X,TEMP-3,9,A,1,A,3,31,7.87,11.02,19.7,0.09,04/03/2023,1,B,1,,0,1
89,24,X,TEMP-3,9,A,1,A,3,31,8.15,11.01,19.62,0.1,04/03/2023,1,B,1,,0,1
91,24,X,TEMP-3,9,A,1,A,3,31,7.92,10.23,18.72,0.1,04/03/2023,1,B,1,,0,1
91,24,X,TEMP-3,9,A,1,A,3,27,6.12,9.25,15.26,0.04,28/02/2023,0,A,0,,0,1
90,24,X,TEMP-3,9,A,1,A,3,27,5.07,8.6,14.32,0.03,28/02/2023,0,A,0,,0,1
89,24,X,TEMP-3,9,A,1,A,3,27,5.87,8.57,14.18,0.04,28/02/2023,0,A,0,,0,1
92,24,X,TEMP-3,9,A,1,A,3,27,6.21,7.87,13.6,0.04,28/02/2023,0,A,0,,0,1
92,24,X,TEMP-3,9,A,1,A,3,41,,,,,16/03/2023,4,E,,,1,0
110,25,Y,TEMP-1,11,B,2,B,3,41,10.75,19.4,30.85,0.28,01/04/2023,8,I,4,36,0,1
111,25,Y,TEMP-1,11,B,2,B,3,41,11.8,18.99,30.49,0.31,01/04/2023,8,I,4,36,0,1
109,25,Y,TEMP-1,11,B,2,B,3,41,11.54,18.03,30.19,0.35,01/04/2023,8,I,4,36,0,1
112,25,Y,TEMP-1,11,B,2,B,3,40,11.45,19.72,30.85,0.34,28/03/2023,7,H,4,,0,1
111,25,Y,TEMP-1,11,B,2,B,3,40,12.06,19.67,31.53,0.39,28/03/2023,7,H,4,,0,1
109,25,Y,TEMP-1,11,B,2,B,3,40,11.27,19.36,30.46,0.32,28/03/2023,7,H,4,,0,1
110,25,Y,TEMP-1,11,B,2,B,3,37,10.66,18.93,28.77,0.27,24/03/2023,6,G,3,,0,1
109,25,Y,TEMP-1,11,B,2,B,3,37,10.89,18.64,29.59,0.32,24/03/2023,6,G,3,,0,1
112,25,Y,TEMP-1,11,B,2,B,3,37,11.5,18.5,29.25,0.33,24/03/2023,6,G,3,,0,1
110,25,Y,TEMP-1,11,B,2,B,3,40,12.08,18.42,30.68,0.35,28/03/2023,7,H,4,,0,1
111,25,Y,TEMP-1,11,B,2,B,3,37,11.83,18.1,30.21,0.38,24/03/2023,6,G,3,,0,1
110,25,Y,TEMP-1,11,B,2,B,3,35,10.67,17.22,27.79,0.3,20/03/2023,5,F,3,,0,1
112,25,Y,TEMP-1,11,B,2,B,3,36,10.56,16.94,27.92,0.26,20/03/2023,5,F,3,,0,1
109,25,Y,TEMP-1,11,B,2,B,3,36,9.74,16.77,27.58,0.23,20/03/2023,5,F,3,,0,1
111,25,Y,TEMP-1,11,B,2,B,3,36,10.3,16.56,27.06,0.29,20/03/2023,5,F,3,,0,1
109,25,Y,TEMP-1,11,B,2,B,3,34,9.18,16.04,25.14,0.19,16/03/2023,4,E,2,,0,1
110,25,Y,TEMP-1,11,B,2,B,3,34,9.18,15.58,24.51,0.17,16/03/2023,4,E,2,,0,1
111,25,Y,TEMP-1,11,B,2,B,3,33,8.89,14.8,23.4,0.17,12/03/2023,3,D,2,,0,1
112,25,Y,TEMP-1,11,B,2,B,3,33,8.94,14.47,24.03,0.18,12/03/2023,3,D,2,,0,1
111,25,Y,TEMP-1,11,B,2,B,3,34,10.7,14.31,24.22,0.22,16/03/2023,4,E,2,,0,1
112,25,Y,TEMP-1,11,B,2,B,3,34,10.47,14.28,24.22,0.21,16/03/2023,4,E,2,,0,1
109,25,Y,TEMP-1,11,B,2,B,3,33,8.72,14.19,23.64,0.16,12/03/2023,3,D,2,,0,1
110,25,Y,TEMP-1,11,B,2,B,3,33,9,13.76,22.52,0.17,12/03/2023,3,D,2,,0,1
111,25,Y,TEMP-1,11,B,2,B,3,30,8.26,12.67,21.06,0.13,08/03/2023,2,C,1,,0,1
110,25,Y,TEMP-1,11,B,2,B,3,30,8.27,12.41,20.88,0.13,08/03/2023,2,C,1,,0,1
112,25,Y,TEMP-1,11,B,2,B,3,30,7.82,12.29,20.38,0.11,08/03/2023,2,C,1,,0,1
109,25,Y,TEMP-1,11,B,2,B,3,30,8.53,11.02,19.25,0.12,08/03/2023,2,C,1,,0,1
111,25,Y,TEMP-1,11,B,2,B,3,28,6.19,9.93,16.83,0.06,04/03/2023,1,B,1,,0,1
110,25,Y,TEMP-1,11,B,2,B,3,27,6.13,9.22,15.14,0.04,28/02/2023,0,A,0,,0,1
112,25,Y,TEMP-1,11,B,2,B,3,27,6.02,9.21,15.9,0.05,04/03/2023,1,B,1,,0,1
109,25,Y,TEMP-1,11,B,2,B,3,28,6.73,9.15,16.49,0.05,04/03/2023,1,B,1,,0,1
110,25,Y,TEMP-1,11,B,2,B,3,28,6.49,8.91,15.96,0.06,04/03/2023,1,B,1,,0,1
112,25,Y,TEMP-1,11,B,2,B,3,27,5.17,8.81,14.38,0.03,28/02/2023,0,A,0,,0,1
111,25,Y,TEMP-1,11,B,2,B,3,27,5.71,8.14,14.12,0.03,28/02/2023,0,A,0,,0,1
109,25,Y,TEMP-1,11,B,2,B,3,27,5.4,7.93,13.71,0.03,28/02/2023,0,A,0,,0,1
112,25,Y,TEMP-1,11,B,2,B,3,41,,,,,01/04/2023,8,I,,,1,0
70,26,Z,TEMP-1,20,C,3,C,3,41,12.09,20.89,33.81,0.36,01/04/2023,8,I,4,38,0,1
72,26,Z,TEMP-1,20,C,3,C,3,40,11.66,19.97,31.29,0.36,28/03/2023,7,H,4,36,0,1
71,26,Z,TEMP-1,20,C,3,C,3,41,11.77,19.22,31.45,0.36,01/04/2023,8,I,4,36,0,1
69,26,Z,TEMP-1,20,C,3,C,3,40,12.7,21.86,34.34,0.45,01/04/2023,8,I,4,27,0,1
70,26,Z,TEMP-1,20,C,3,C,3,39,12.28,21.2,33,0.4,28/03/2023,7,H,4,,0,1
71,26,Z,TEMP-1,20,C,3,C,3,40,12.77,20.95,33.72,0.44,28/03/2023,7,H,4,,0,1
70,26,Z,TEMP-1,20,C,3,C,3,37,12.31,20.5,31.8,0.38,24/03/2023,6,G,3,,0,1
71,26,Z,TEMP-1,20,C,3,C,3,36,11.86,19.69,31.7,0.32,20/03/2023,5,F,3,,0,1
69,26,Z,TEMP-1,20,C,3,C,3,37,11.35,19.66,30.93,0.33,24/03/2023,6,G,3,,0,1
72,26,Z,TEMP-1,20,C,3,C,3,37,10.57,19.21,29.85,0.31,24/03/2023,6,G,3,,0,1
71,26,Z,TEMP-1,20,C,3,C,3,38,11.3,19.13,30.49,0.34,24/03/2023,6,G,3,,0,1
69,26,Z,TEMP-1,20,C,3,C,3,36,11.13,18.59,29.04,0.27,20/03/2023,5,F,3,,0,1
72,26,Z,TEMP-1,20,C,3,C,3,36,10.89,18.39,30.31,0.27,20/03/2023,5,F,3,,0,1
70,26,Z,TEMP-1,20,C,3,C,3,36,11.09,18.29,29.62,0.29,20/03/2023,5,F,3,,0,1
71,26,Z,TEMP-1,20,C,3,C,3,34,11.26,17.74,28.37,0.28,16/03/2023,4,E,2,,0,1
69,26,Z,TEMP-1,20,C,3,C,3,35,11.06,17.31,27.54,0.29,16/03/2023,4,E,2,,0,1
72,26,Z,TEMP-1,20,C,3,C,3,34,10.33,17.22,27.37,0.24,16/03/2023,4,E,2,,0,1
70,26,Z,TEMP-1,20,C,3,C,3,34,9.53,17.02,26.62,0.22,16/03/2023,4,E,2,,0,1
71,26,Z,TEMP-1,20,C,3,C,3,33,9.47,15.44,24.65,0.21,12/03/2023,3,D,2,,0,1
72,26,Z,TEMP-1,20,C,3,C,3,33,8.19,14.83,23.56,0.15,12/03/2023,3,D,2,,0,1
69,26,Z,TEMP-1,20,C,3,C,3,33,8.7,14.02,23.66,0.18,12/03/2023,3,D,2,,0,1
69,26,Z,TEMP-1,20,C,3,C,3,30,9.53,14.01,23.47,0.17,08/03/2023,2,C,1,,0,1
70,26,Z,TEMP-1,20,C,3,C,3,33,8.99,13.87,22.31,0.15,12/03/2023,3,D,2,,0,1
72,26,Z,TEMP-1,20,C,3,C,3,30,8.7,12.87,21.64,0.13,08/03/2023,2,C,1,,0,1
70,26,Z,TEMP-1,20,C,3,C,3,30,8.51,12.51,20.97,0.12,08/03/2023,2,C,1,,0,1
71,26,Z,TEMP-1,20,C,3,C,3,31,8.54,12.41,21.33,0.12,08/03/2023,2,C,1,,0,1
71,26,Z,TEMP-1,20,C,3,C,3,29,7.43,10.94,18.38,0.09,04/03/2023,1,B,1,,0,1
72,26,Z,TEMP-1,20,C,3,C,3,28,6.7,10.7,16.74,0.07,04/03/2023,1,B,1,,0,1
70,26,Z,TEMP-1,20,C,3,C,3,28,6.96,10.4,16.95,0.06,04/03/2023,1,B,1,,0,1
69,26,Z,TEMP-1,20,C,3,C,3,28,6.75,10.27,16.99,0.06,04/03/2023,1,B,1,,0,1
70,26,Z,TEMP-1,20,C,3,C,3,27,5.61,9.17,14.84,0.04,28/02/2023,0,A,0,,0,1
71,26,Z,TEMP-1,20,C,3,C,3,27,6.38,8.92,15.65,0.05,28/02/2023,0,A,0,,0,1
72,26,Z,TEMP-1,20,C,3,C,3,27,6.03,8.73,14.7,0.04,28/02/2023,0,A,0,,0,1
69,26,Z,TEMP-1,20,C,3,C,3,27,5.63,8.55,14.19,0.04,28/02/2023,0,A,0,,0,1
17,27,AA,TEMP-1,9,A,1,A,3,40,12.05,16.97,29.63,0.38,01/04/2023,8,I,4,38,0,1
18,27,AA,TEMP-1,9,A,1,A,3,41,11.39,20.7,32.38,0.37,01/04/2023,8,I,4,36,0,1
19,27,AA,TEMP-1,9,A,1,A,3,41,12.5,22.31,34.48,0.48,01/04/2023,8,I,4,35,0,1
20,27,AA,TEMP-1,9,A,1,A,3,40,13.01,20.8,33.37,0.4,28/03/2023,7,H,4,32,0,1
19,27,AA,TEMP-1,9,A,1,A,3,40,13.16,21.45,33.55,0.36,28/03/2023,7,H,4,,0,1
18,27,AA,TEMP-1,9,A,1,A,3,40,13.23,20.93,34.63,0.5,28/03/2023,7,H,4,,0,1
20,27,AA,TEMP-1,9,A,1,A,3,35,12.37,20.41,32.85,0.37,20/03/2023,5,F,3,,0,1
20,27,AA,TEMP-1,9,A,1,A,3,37,12.58,20.31,33.23,0.43,24/03/2023,6,G,3,,0,1
19,27,AA,TEMP-1,9,A,1,A,3,36,12.13,19.79,31.14,0.32,20/03/2023,5,F,3,,0,1
18,27,AA,TEMP-1,9,A,1,A,3,36,12.11,19.52,32.35,0.32,20/03/2023,5,F,3,,0,1
18,27,AA,TEMP-1,9,A,1,A,3,37,12.39,19.37,31.49,0.35,24/03/2023,6,G,3,,0,1
20,27,AA,TEMP-1,9,A,1,A,3,34,11.5,19.28,28.66,0.29,16/03/2023,4,E,2,,0,1
17,27,AA,TEMP-1,9,A,1,A,3,35,12.74,18.93,31.25,0.39,20/03/2023,5,F,3,,0,1
17,27,AA,TEMP-1,9,A,1,A,3,37,12.89,18.65,33.14,0.48,24/03/2023,6,G,3,,0,1
19,27,AA,TEMP-1,9,A,1,A,3,37,11.66,18.65,31.94,0.33,24/03/2023,6,G,3,,0,1
18,27,AA,TEMP-1,9,A,1,A,3,35,10.43,18.54,28.86,0.28,16/03/2023,4,E,2,,0,1
17,27,AA,TEMP-1,9,A,1,A,3,34,11.94,17.53,28.29,0.33,16/03/2023,4,E,2,,0,1
19,27,AA,TEMP-1,9,A,1,A,3,34,12.61,17.1,29.1,0.33,16/03/2023,4,E,2,,0,1
17,27,AA,TEMP-1,9,A,1,A,3,40,11.62,15.7,28.49,0.37,28/03/2023,7,H,4,,0,1
18,27,AA,TEMP-1,9,A,1,A,3,33,9.5,15.03,24.77,0.19,12/03/2023,3,D,2,,0,1
20,27,AA,TEMP-1,9,A,1,A,3,33,8.76,14.94,24.5,0.19,12/03/2023,3,D,2,,0,1
19,27,AA,TEMP-1,9,A,1,A,3,33,9.42,14.9,24.44,0.22,12/03/2023,3,D,2,,0,1
17,27,AA,TEMP-1,9,A,1,A,3,33,9.87,14.18,23.8,0.2,12/03/2023,3,D,2,,0,1
18,27,AA,TEMP-1,9,A,1,A,3,30,8.75,14.18,22.01,0.13,08/03/2023,2,C,1,,0,1
17,27,AA,TEMP-1,9,A,1,A,3,30,9.12,13.35,21.92,0.15,08/03/2023,2,C,1,,0,1
19,27,AA,TEMP-1,9,A,1,A,3,31,9.28,13.2,22.16,0.15,08/03/2023,2,C,1,,0,1
20,27,AA,TEMP-1,9,A,1,A,3,30,9.68,11.7,20.83,0.15,08/03/2023,2,C,1,,0,1
20,27,AA,TEMP-1,9,A,1,A,3,28,7.17,11.15,18.39,0.07,04/03/2023,1,B,1,,0,1
17,27,AA,TEMP-1,9,A,1,A,3,29,7.67,10.13,18.3,0.08,04/03/2023,1,B,1,,0,1
18,27,AA,TEMP-1,9,A,1,A,3,29,6.81,10.08,17.94,0.08,04/03/2023,1,B,1,,0,1
19,27,AA,TEMP-1,9,A,1,A,3,28,7.35,9.47,16.79,0.07,04/03/2023,1,B,1,,0,1
20,27,AA,TEMP-1,9,A,1,A,3,27,6.18,9.46,14.85,0.03,28/02/2023,0,A,0,,0,1
19,27,AA,TEMP-1,9,A,1,A,3,27,6.1,8.7,14.69,0.03,28/02/2023,0,A,0,,0,1
17,27,AA,TEMP-1,9,A,1,A,3,27,6.23,8.47,14.3,0.04,28/02/2023,0,A,0,,0,1
18,27,AA,TEMP-1,9,A,1,A,3,27,6.05,8.4,13.94,0.04,28/02/2023,0,A,0,,0,1
123,28,BB,TEMP-2,11,B,2,B,1,41,12.23,18.23,24.92,0.28,24/03/2023,6,G,3,26,0,1
124,28,BB,TEMP-2,11,B,2,B,1,41,12.82,18.23,30.4,0.37,24/03/2023,6,G,3,24,0,1
121,28,BB,TEMP-2,11,B,2,B,1,41,12.3,18,29.27,0.26,24/03/2023,6,G,3,24,0,1
122,28,BB,TEMP-2,11,B,2,B,1,41,11.4,18.26,29.23,0.32,24/03/2023,6,G,3,24,0,1
123,28,BB,TEMP-2,11,B,2,B,1,39,13.4,17.63,31.03,0.37,20/03/2023,5,F,3,,0,1
122,28,BB,TEMP-2,11,B,2,B,1,38,11,17.11,28.63,0.27,20/03/2023,5,F,3,,0,1
123,28,BB,TEMP-2,11,B,2,B,1,37,11.8,17,27.89,0.3,16/03/2023,4,E,2,,0,1
121,28,BB,TEMP-2,11,B,2,B,1,38,11.86,16.88,27.81,0.28,20/03/2023,5,F,3,,0,1
124,28,BB,TEMP-2,11,B,2,B,1,38,11.1,16.42,27.31,0.3,20/03/2023,5,F,3,,0,1
121,28,BB,TEMP-2,11,B,2,B,1,37,10.22,17.13,26.52,0.23,16/03/2023,4,E,2,,0,1
123,28,BB,TEMP-2,11,B,2,B,1,36,9.88,15.7,25.59,0.21,12/03/2023,3,D,2,,0,1
122,28,BB,TEMP-2,11,B,2,B,1,37,10.5,15.55,25.55,0.22,16/03/2023,4,E,2,,0,1
124,28,BB,TEMP-2,11,B,2,B,1,36,10,15.01,24.84,0.21,16/03/2023,4,E,2,,0,1
122,28,BB,TEMP-2,11,B,2,B,1,35,9.49,14.67,23.69,0.17,12/03/2023,3,D,2,,0,1
121,28,BB,TEMP-2,11,B,2,B,1,34,9.24,13.9,23.04,0.15,12/03/2023,3,D,2,,0,1
121,28,BB,TEMP-2,11,B,2,B,1,33,10.49,14,22.98,0.17,08/03/2023,2,C,1,,0,1
124,28,BB,TEMP-2,11,B,2,B,1,34,8.26,13.79,22.46,0.15,12/03/2023,3,D,2,,0,1
124,28,BB,TEMP-2,11,B,2,B,1,31,9.43,13.52,21.35,0.11,08/03/2023,2,C,1,,0,1
123,28,BB,TEMP-2,11,B,2,B,1,31,8.75,13.1,20.08,0.1,08/03/2023,2,C,1,,0,1
122,28,BB,TEMP-2,11,B,2,B,1,29,7.7,11.04,19.59,0.08,04/03/2023,1,B,1,,0,1
122,28,BB,TEMP-2,11,B,2,B,1,32,8.04,12.22,19.08,0.09,08/03/2023,2,C,1,,0,1
121,28,BB,TEMP-2,11,B,2,B,1,29,7.1,11.46,18.12,0.07,04/03/2023,1,B,1,,0,1
124,28,BB,TEMP-2,11,B,2,B,1,28,6.35,10.82,17.66,0.06,04/03/2023,1,B,1,,0,1
123,28,BB,TEMP-2,11,B,2,B,1,28,6.64,10.55,16.62,0.06,04/03/2023,1,B,1,,0,1
122,28,BB,TEMP-2,11,B,2,B,1,27,6.13,9.77,16.34,0.05,28/02/2023,0,A,0,,0,1
124,28,BB,TEMP-2,11,B,2,B,1,27,5.96,9.5,15.6,0.04,28/02/2023,0,A,0,,0,1
121,28,BB,TEMP-2,11,B,2,B,1,27,5.66,8.45,14.64,0.03,28/02/2023,0,A,0,,0,1
123,28,BB,TEMP-2,11,B,2,B,1,27,5.31,8.81,13.99,0.03,28/02/2023,0,A,0,,0,1
96,29,CC,TEMP-2,20,C,3,C,3,39,11.94,16.76,27.56,0.34,20/03/2023,5,F,3,24,0,1
93,29,CC,TEMP-2,20,C,3,C,3,39,12.14,18.37,29.25,0.37,20/03/2023,5,F,3,22,0,1
95,29,CC,TEMP-2,20,C,3,C,3,39,11.94,17.49,29.25,0.38,20/03/2023,5,F,3,22,0,1
94,29,CC,TEMP-2,20,C,3,C,3,41,11.35,17.33,27.32,0.31,24/03/2023,6,G,3,22,0,1
94,29,CC,TEMP-2,20,C,3,C,3,39,9.8,17.8,28.83,0.32,20/03/2023,5,F,3,,0,1
95,29,CC,TEMP-2,20,C,3,C,3,37,11.24,17.22,27.94,0.33,16/03/2023,4,E,2,,0,1
94,29,CC,TEMP-2,20,C,3,C,3,37,11.75,16.75,27.67,0.34,16/03/2023,4,E,2,,0,1
96,29,CC,TEMP-2,20,C,3,C,3,37,10.74,16.52,27.54,0.31,16/03/2023,4,E,2,,0,1
93,29,CC,TEMP-2,20,C,3,C,3,37,10.65,15.75,27.46,0.3,16/03/2023,4,E,2,,0,1
96,29,CC,TEMP-2,20,C,3,C,3,36,10.71,16.05,25.93,0.22,12/03/2023,3,D,2,,0,1
95,29,CC,TEMP-2,20,C,3,C,3,36,10.33,15.34,25.53,0.24,12/03/2023,3,D,2,,0,1
94,29,CC,TEMP-2,20,C,3,C,3,36,9.91,15.26,25.23,0.26,12/03/2023,3,D,2,,0,1
93,29,CC,TEMP-2,20,C,3,C,3,36,10.63,14.87,25.17,0.28,12/03/2023,3,D,2,,0,1
94,29,CC,TEMP-2,20,C,3,C,3,34,9.62,13.37,23.19,0.17,08/03/2023,2,C,1,,0,1
96,29,CC,TEMP-2,20,C,3,C,3,33,9.4,12.9,23.1,0.18,08/03/2023,2,C,1,,0,1
93,29,CC,TEMP-2,20,C,3,C,3,33,9.78,12.94,22.76,0.19,08/03/2023,2,C,1,,0,1
95,29,CC,TEMP-2,20,C,3,C,3,33,9.76,13.2,22.71,0.2,08/03/2023,2,C,1,,0,1
93,29,CC,TEMP-2,20,C,3,C,3,30,7.52,9.95,18.8,0.1,04/03/2023,1,B,1,,0,1
94,29,CC,TEMP-2,20,C,3,C,3,30,8.33,9.21,18.77,0.1,04/03/2023,1,B,1,,0,1
96,29,CC,TEMP-2,20,C,3,C,3,29,7.4,11.29,18.35,0.1,04/03/2023,1,B,1,,0,1
95,29,CC,TEMP-2,20,C,3,C,3,31,7.9,10.89,18.34,0.1,04/03/2023,1,B,1,,0,1
93,29,CC,TEMP-2,20,C,3,C,3,27,5.8,8.27,14.61,0.04,28/02/2023,0,A,0,,0,1
96,29,CC,TEMP-2,20,C,3,C,3,27,5.85,9.03,14.56,0.04,28/02/2023,0,A,0,,0,1
95,29,CC,TEMP-2,20,C,3,C,3,27,6.27,9.02,14.46,0.04,28/02/2023,0,A,0,,0,1
94,29,CC,TEMP-2,20,C,3,C,3,27,6.04,7.08,13.65,0.04,28/02/2023,0,A,0,,0,1
59,30,DD,TEMP-3,9,A,1,A,4,37,10.7,15.33,25.64,0.28,12/03/2023,3,D,2,21,0,1
60,30,DD,TEMP-3,9,A,1,A,4,36,10.15,14.83,24.16,0.26,12/03/2023,3,D,2,21,0,1
58,30,DD,TEMP-3,9,A,1,A,4,39,10.99,15.45,26.58,0.32,16/03/2023,4,E,2,18,0,1
57,30,DD,TEMP-3,9,A,1,A,4,41,11.82,15.46,26.46,0.29,20/03/2023,5,F,3,17,0,1
57,30,DD,TEMP-3,9,A,1,A,4,41,11.55,15.73,25.77,0.23,16/03/2023,4,E,2,,0,1
58,30,DD,TEMP-3,9,A,1,A,4,37,10.89,14.77,25.25,0.27,12/03/2023,3,D,2,,0,1
57,30,DD,TEMP-3,9,A,1,A,4,37,10.24,13.1,23.91,0.29,12/03/2023,3,D,2,,0,1
59,30,DD,TEMP-3,9,A,1,A,4,35,9.55,12.89,22.66,0.19,08/03/2023,2,C,1,,0,1
58,30,DD,TEMP-3,9,A,1,A,4,35,9.66,12.84,22.8,0.2,08/03/2023,2,C,1,,0,1
57,30,DD,TEMP-3,9,A,1,A,4,35,9.68,12.82,21.9,0.2,08/03/2023,2,C,1,,0,1
58,30,DD,TEMP-3,9,A,1,A,4,31,8.12,12.04,19.54,0.1,04/03/2023,1,B,1,,0,1
60,30,DD,TEMP-3,9,A,1,A,4,33,8.73,11.85,21.83,0.17,08/03/2023,2,C,1,,0,1
60,30,DD,TEMP-3,9,A,1,A,4,31,8.12,11.78,19.56,0.12,04/03/2023,1,B,1,,0,1
59,30,DD,TEMP-3,9,A,1,A,4,31,8.34,11.73,20.39,0.11,04/03/2023,1,B,1,,0,1
57,30,DD,TEMP-3,9,A,1,A,4,28,7.17,10.75,17.56,0.08,04/03/2023,1,B,1,,0,1
58,30,DD,TEMP-3,9,A,1,A,4,27,5.87,8.78,14.46,0.03,28/02/2023,0,A,0,,0,1
57,30,DD,TEMP-3,9,A,1,A,4,27,6.58,8.67,15.3,0.04,28/02/2023,0,A,0,,0,1
60,30,DD,TEMP-3,9,A,1,A,4,27,6.45,8.66,14.47,0.04,28/02/2023,0,A,0,,0,1
59,30,DD,TEMP-3,9,A,1,A,4,27,6.3,8.21,14.59,0.04,28/02/2023,0,A,0,,0,1
127,31,EE,TEMP-3,11,B,2,B,4,40,11.1,17.2,28.19,0.28,20/03/2023,5,F,3,21,0,1
126,31,EE,TEMP-3,11,B,2,B,4,39,10.11,15.69,25.31,0.27,16/03/2023,4,E,2,18,0,1
125,31,EE,TEMP-3,11,B,2,B,4,39,9.29,15.41,24.49,0.22,16/03/2023,4,E,2,18,0,1
127,31,EE,TEMP-3,11,B,2,B,4,39,10.62,17.19,27.26,0.28,16/03/2023,4,E,2,,0,1
127,31,EE,TEMP-3,11,B,2,B,4,36,9.88,14.82,23.39,0.21,12/03/2023,3,D,2,,0,1
125,31,EE,TEMP-3,11,B,2,B,4,36,9.97,14.72,24.7,0.2,12/03/2023,3,D,2,,0,1
126,31,EE,TEMP-3,11,B,2,B,4,36,9.56,14.53,24.24,0.2,12/03/2023,3,D,2,,0,1
125,31,EE,TEMP-3,11,B,2,B,4,33,8.78,13.02,21.83,0.14,08/03/2023,2,C,1,,0,1
127,31,EE,TEMP-3,11,B,2,B,4,33,9.39,11.97,20.45,0.13,08/03/2023,2,C,1,,0,1
126,31,EE,TEMP-3,11,B,2,B,4,31,7.73,11.38,18.97,0.1,08/03/2023,2,C,1,,0,1
126,31,EE,TEMP-3,11,B,2,B,4,30,7.06,10.58,16.37,0.07,04/03/2023,1,B,1,,0,1
127,31,EE,TEMP-3,11,B,2,B,4,30,6.22,10.56,15.72,0.06,04/03/2023,1,B,1,,0,1
125,31,EE,TEMP-3,11,B,2,B,4,29,7.64,9.34,18.1,0.07,04/03/2023,1,B,1,,0,1
127,31,EE,TEMP-3,11,B,2,B,4,27,5.56,9.16,14.45,0.04,28/02/2023,0,A,0,,0,1
125,31,EE,TEMP-3,11,B,2,B,4,27,5.6,8.93,14.63,0.03,28/02/2023,0,A,0,,0,1
128,31,EE,TEMP-3,11,B,2,B,4,27,4.98,8.78,13.98,0.03,28/02/2023,0,A,0,,0,1
126,31,EE,TEMP-3,11,B,2,B,4,27,5.46,7.8,14.05,0.04,28/02/2023,0,A,0,,0,1
128,31,EE,TEMP-3,11,B,2,B,4,30,,,,,04/03/2023,1,B,,,1,0
128,31,EE,TEMP-3,11,B,2,B,4,,,,,,08/03/2023,2,C,,,1,
128,31,EE,TEMP-3,11,B,2,B,4,,,,,,12/03/2023,3,D,,,1,
128,31,EE,TEMP-3,11,B,2,B,4,,,,,,16/03/2023,4,E,,,1,
82,32,FF,TEMP-2,9,A,1,A,2,40,12.91,19.83,33.66,0.42,20/03/2023,5,F,3,22,0,1
84,32,FF,TEMP-2,9,A,1,A,2,39,12.43,21.19,33.5,0.36,20/03/2023,5,F,3,22,0,1
83,32,FF,TEMP-2,9,A,1,A,2,40,12.16,20.66,33.25,0.41,20/03/2023,5,F,3,21,0,1
81,32,FF,TEMP-2,9,A,1,A,2,37,12.76,19.46,31.19,0.38,16/03/2023,4,E,2,19,0,1
84,32,FF,TEMP-2,9,A,1,A,2,38,12.36,19.5,31.33,0.31,16/03/2023,4,E,2,,0,1
83,32,FF,TEMP-2,9,A,1,A,2,38,12.9,19.21,31.14,0.36,16/03/2023,4,E,2,,0,1
82,32,FF,TEMP-2,9,A,1,A,2,37,11.35,19.14,30.61,0.31,16/03/2023,4,E,2,,0,1
82,32,FF,TEMP-2,9,A,1,A,2,37,11.31,17.82,29.1,0.32,12/03/2023,3,D,2,,0,1
83,32,FF,TEMP-2,9,A,1,A,2,36,11.58,16.76,28.09,0.29,12/03/2023,3,D,2,,0,1
84,32,FF,TEMP-2,9,A,1,A,2,36,10.84,16.53,27.42,0.29,12/03/2023,3,D,2,,0,1
81,32,FF,TEMP-2,9,A,1,A,2,36,10.48,16.3,26.25,0.23,12/03/2023,3,D,2,,0,1
83,32,FF,TEMP-2,9,A,1,A,2,34,10.29,15.47,26.14,0.21,08/03/2023,2,C,1,,0,1
81,32,FF,TEMP-2,9,A,1,A,2,34,9.91,14.36,24.68,0.19,08/03/2023,2,C,1,,0,1
84,32,FF,TEMP-2,9,A,1,A,2,33,9.53,16.13,24.62,0.19,08/03/2023,2,C,1,,0,1
82,32,FF,TEMP-2,9,A,1,A,2,33,10.26,13.89,23.9,0.17,08/03/2023,2,C,1,,0,1
81,32,FF,TEMP-2,9,A,1,A,2,31,7.93,11.51,20.25,0.11,04/03/2023,1,B,1,,0,1
84,32,FF,TEMP-2,9,A,1,A,2,31,7.98,13.19,20.24,0.09,04/03/2023,1,B,1,,0,1
82,32,FF,TEMP-2,9,A,1,A,2,30,8.11,13.04,20.12,0.11,04/03/2023,1,B,1,,0,1
83,32,FF,TEMP-2,9,A,1,A,2,29,8.03,11.7,19.45,0.08,04/03/2023,1,B,1,,0,1
81,32,FF,TEMP-2,9,A,1,A,2,27,5.65,9.05,15.51,0.03,28/02/2023,0,A,0,,0,1
84,32,FF,TEMP-2,9,A,1,A,2,27,6.05,9.02,15.07,0.04,28/02/2023,0,A,0,,0,1
82,32,FF,TEMP-2,9,A,1,A,2,27,5.91,8.51,14.5,0.04,28/02/2023,0,A,0,,0,1
83,32,FF,TEMP-2,9,A,1,A,2,27,5.47,8.12,14.02,0.03,28/02/2023,0,A,0,,0,1
6,33,GG,TEMP-3,20,C,3,C,2,38,11.32,17.56,28.96,0.32,12/03/2023,3,D,2,15,0,1
8,33,GG,TEMP-3,20,C,3,C,2,38,11.64,16.29,28.28,0.35,12/03/2023,3,D,2,15,0,1
7,33,GG,TEMP-3,20,C,3,C,2,38,11.22,16.51,27.73,0.31,12/03/2023,3,D,2,14,0,1
5,33,GG,TEMP-3,20,C,3,C,2,37,11,17.75,29.21,0.34,12/03/2023,3,D,2,13,0,1
7,33,GG,TEMP-3,20,C,3,C,2,35,10.79,16.88,26.49,0.22,08/03/2023,2,C,1,,0,1
8,33,GG,TEMP-3,20,C,3,C,2,35,9.87,15.97,25.87,0.21,08/03/2023,2,C,1,,0,1
6,33,GG,TEMP-3,20,C,3,C,2,35,10.65,14.9,26.38,0.23,08/03/2023,2,C,1,,0,1
5,33,GG,TEMP-3,20,C,3,C,2,35,10.16,14.56,25.29,0.22,08/03/2023,2,C,1,,0,1
8,33,GG,TEMP-3,20,C,3,C,2,33,9.18,13.06,21.79,0.15,04/03/2023,1,B,1,,0,1
6,33,GG,TEMP-3,20,C,3,C,2,32,7.74,12.46,21.15,0.12,04/03/2023,1,B,1,,0,1
5,33,GG,TEMP-3,20,C,3,C,2,33,8.51,12.29,21.51,0.16,04/03/2023,1,B,1,,0,1
7,33,GG,TEMP-3,20,C,3,C,2,33,8.76,12.02,20.77,0.12,04/03/2023,1,B,1,,0,1
7,33,GG,TEMP-3,20,C,3,C,2,27,6.49,8.84,15.9,0.04,28/02/2023,0,A,0,,0,1
5,33,GG,TEMP-3,20,C,3,C,2,27,6.47,8.81,14.87,0.03,28/02/2023,0,A,0,,0,1
6,33,GG,TEMP-3,20,C,3,C,2,27,6.35,8.74,15.66,0.05,28/02/2023,0,A,0,,0,1
8,33,GG,TEMP-3,20,C,3,C,2,27,6.27,8.53,15.35,0.05,28/02/2023,0,A,0,,0,1
85,34,HH,TEMP-1,20,C,3,C,4,40,11.49,19.62,31.27,0.31,28/03/2023,7,H,4,29,0,1
86,34,HH,TEMP-1,20,C,3,C,4,37,10.35,19.64,30.02,0.3,24/03/2023,6,G,3,27,0,1
87,34,HH,TEMP-1,20,C,3,C,4,38,11.66,18.9,29.99,0.33,24/03/2023,6,G,3,27,0,1
85,34,HH,TEMP-1,20,C,3,C,4,38,11.9,21.03,33.06,0.44,24/03/2023,6,G,3,,0,1
86,34,HH,TEMP-1,20,C,3,C,4,37,11.28,20.71,32.53,0.4,20/03/2023,5,F,3,,0,1
87,34,HH,TEMP-1,20,C,3,C,4,37,11.22,19.81,30.61,0.33,20/03/2023,5,F,3,,0,1
86,34,HH,TEMP-1,20,C,3,C,4,35,10.39,19.16,29.93,0.34,16/03/2023,4,E,2,,0,1
85,34,HH,TEMP-1,20,C,3,C,4,37,11.18,18.7,29.97,0.33,20/03/2023,5,F,3,,0,1
85,34,HH,TEMP-1,20,C,3,C,4,35,9.92,18.08,28.42,0.26,16/03/2023,4,E,2,,0,1
88,34,HH,TEMP-1,20,C,3,C,4,34,11.02,17.64,28.12,0.23,16/03/2023,4,E,2,,0,1
88,34,HH,TEMP-1,20,C,3,C,4,35,9.71,16.47,26.24,0.28,20/03/2023,5,F,3,,0,1
88,34,HH,TEMP-1,20,C,3,C,4,33,9.51,15.55,24.95,0.2,12/03/2023,3,D,2,,0,1
85,34,HH,TEMP-1,20,C,3,C,4,34,9.63,15.34,25.86,0.23,12/03/2023,3,D,2,,0,1
87,34,HH,TEMP-1,20,C,3,C,4,33,9.7,15.25,25.47,0.19,12/03/2023,3,D,2,,0,1
87,34,HH,TEMP-1,20,C,3,C,4,33,9.55,15.17,23.82,0.2,16/03/2023,4,E,2,,0,1
87,34,HH,TEMP-1,20,C,3,C,4,31,9.34,14.11,23.16,0.17,08/03/2023,2,C,1,,0,1
88,34,HH,TEMP-1,20,C,3,C,4,30,9.57,14.04,22.8,0.15,08/03/2023,2,C,1,,0,1
85,34,HH,TEMP-1,20,C,3,C,4,30,8.44,13.46,22.82,0.14,08/03/2023,2,C,1,,0,1
86,34,HH,TEMP-1,20,C,3,C,4,32,8.21,11.93,20.58,0.15,12/03/2023,3,D,2,,0,1
86,34,HH,TEMP-1,20,C,3,C,4,28,6.61,11.03,18.4,0.08,04/03/2023,1,B,1,,0,1
88,34,HH,TEMP-1,20,C,3,C,4,28,7.56,10.91,18.17,0.09,04/03/2023,1,B,1,,0,1
86,34,HH,TEMP-1,20,C,3,C,4,29,7.93,10.76,17.95,0.09,08/03/2023,2,C,1,,0,1
85,34,HH,TEMP-1,20,C,3,C,4,29,7.33,10.27,18.46,0.09,04/03/2023,1,B,1,,0,1
88,34,HH,TEMP-1,20,C,3,C,4,27,5.38,9.78,15.98,0.05,28/02/2023,0,A,0,,0,1
87,34,HH,TEMP-1,20,C,3,C,4,28,6.29,9.45,16.04,0.06,04/03/2023,1,B,1,,0,1
85,34,HH,TEMP-1,20,C,3,C,4,27,5.81,9.41,15.24,0.04,28/02/2023,0,A,0,,0,1
87,34,HH,TEMP-1,20,C,3,C,4,27,5.96,9.35,14.93,0.04,28/02/2023,0,A,0,,0,1
86,34,HH,TEMP-1,20,C,3,C,4,27,5.4,9.05,14.34,0.03,28/02/2023,0,A,0,,0,1
88,34,HH,TEMP-1,20,C,3,C,4,38,,,,,24/03/2023,6,G,,,1,0
26,35,II,TEMP-1,9,A,1,A,4,40,13.32,22.97,36.29,0.53,01/04/2023,8,I,4,38,0,1
27,35,II,TEMP-1,9,A,1,A,4,40,13.51,22.29,35.8,0.55,28/03/2023,7,H,4,38,0,1
28,35,II,TEMP-1,9,A,1,A,4,41,11.56,19.5,30.91,0.29,28/03/2023,7,H,4,30,0,1
25,35,II,TEMP-1,9,A,1,A,4,40,12.96,22.64,36.08,0.54,01/04/2023,8,I,4,27,0,1
26,35,II,TEMP-1,9,A,1,A,4,40,12.85,22.67,35.52,0.52,28/03/2023,7,H,4,,0,1
25,35,II,TEMP-1,9,A,1,A,4,37,13.18,22.02,33.87,0.48,24/03/2023,6,G,3,,0,1
27,35,II,TEMP-1,9,A,1,A,4,38,13.14,21.09,35.44,0.49,24/03/2023,6,G,3,,0,1
27,35,II,TEMP-1,9,A,1,A,4,36,12.62,20.56,31.63,0.41,20/03/2023,5,F,3,,0,1
28,35,II,TEMP-1,9,A,1,A,4,37,12.84,19.87,32.78,0.42,24/03/2023,6,G,3,,0,1
25,35,II,TEMP-1,9,A,1,A,4,36,13.21,19.82,32.74,0.4,20/03/2023,5,F,3,,0,1
26,35,II,TEMP-1,9,A,1,A,4,34,11.7,18.98,29.34,0.31,16/03/2023,4,E,2,,0,1
26,35,II,TEMP-1,9,A,1,A,4,36,11.82,18.66,31.6,0.35,20/03/2023,5,F,3,,0,1
26,35,II,TEMP-1,9,A,1,A,4,37,11.32,18.24,29.68,0.29,24/03/2023,6,G,3,,0,1
28,35,II,TEMP-1,9,A,1,A,4,37,11.32,18.01,28.15,0.25,20/03/2023,5,F,3,,0,1
27,35,II,TEMP-1,9,A,1,A,4,34,11.88,17.71,29.8,0.31,16/03/2023,4,E,2,,0,1
25,35,II,TEMP-1,9,A,1,A,4,34,11.5,17.45,26.9,0.33,16/03/2023,4,E,2,,0,1
26,35,II,TEMP-1,9,A,1,A,4,33,10.12,16.49,25.76,0.24,12/03/2023,3,D,2,,0,1
28,35,II,TEMP-1,9,A,1,A,4,35,10.07,16.34,27.35,0.22,16/03/2023,4,E,2,,0,1
25,35,II,TEMP-1,9,A,1,A,4,33,9.83,15.3,25.99,0.23,12/03/2023,3,D,2,,0,1
28,35,II,TEMP-1,9,A,1,A,4,33,9.18,15.22,25.81,0.18,12/03/2023,3,D,2,,0,1
27,35,II,TEMP-1,9,A,1,A,4,33,9.4,15.21,25.25,0.21,12/03/2023,3,D,2,,0,1
26,35,II,TEMP-1,9,A,1,A,4,30,9.48,14.31,21.78,0.15,08/03/2023,2,C,1,,0,1
25,35,II,TEMP-1,9,A,1,A,4,30,9.08,14.01,22.93,0.18,08/03/2023,2,C,1,,0,1
27,35,II,TEMP-1,9,A,1,A,4,30,9.4,13.75,22.18,0.18,08/03/2023,2,C,1,,0,1
28,35,II,TEMP-1,9,A,1,A,4,30,9.59,13.23,21.74,0.16,08/03/2023,2,C,1,,0,1
27,35,II,TEMP-1,9,A,1,A,4,28,7.84,11.66,19.55,0.09,04/03/2023,1,B,1,,0,1
25,35,II,TEMP-1,9,A,1,A,4,28,8,11.14,18.3,0.09,04/03/2023,1,B,1,,0,1
26,35,II,TEMP-1,9,A,1,A,4,28,7.61,10.95,17.54,0.09,04/03/2023,1,B,1,,0,1
28,35,II,TEMP-1,9,A,1,A,4,28,7.48,10.1,17.61,0.09,04/03/2023,1,B,1,,0,1
25,35,II,TEMP-1,9,A,1,A,4,27,5.82,9.49,15.13,0.05,28/02/2023,0,A,0,,0,1
26,35,II,TEMP-1,9,A,1,A,4,27,6.46,8.9,14.93,0.04,28/02/2023,0,A,0,,0,1
28,35,II,TEMP-1,9,A,1,A,4,27,6.53,8.89,14.89,0.04,28/02/2023,0,A,0,,0,1
27,35,II,TEMP-1,9,A,1,A,4,27,6.52,7.79,14.4,0.04,28/02/2023,0,A,0,,0,1
101,36,JJ,TEMP-1,11,B,2,B,4,40,11.43,20.99,32.44,0.41,01/04/2023,8,I,4,38,0,1
102,36,JJ,TEMP-1,11,B,2,B,4,40,11.1,20.28,31.94,0.35,01/04/2023,8,I,4,38,0,1
104,36,JJ,TEMP-1,11,B,2,B,4,41,11.48,21.98,34.08,0.41,01/04/2023,8,I,4,36,0,1
103,36,JJ,TEMP-1,11,B,2,B,4,41,11.84,20.28,32.27,0.41,01/04/2023,8,I,4,36,0,1
104,36,JJ,TEMP-1,11,B,2,B,4,40,11.93,21.62,33.05,0.43,28/03/2023,7,H,4,,0,1
102,36,JJ,TEMP-1,11,B,2,B,4,40,12.05,20.75,32.75,0.43,28/03/2023,7,H,4,,0,1
103,36,JJ,TEMP-1,11,B,2,B,4,38,12.27,19.79,31.8,0.41,24/03/2023,6,G,3,,0,1
103,36,JJ,TEMP-1,11,B,2,B,4,40,11.81,19.79,31.72,0.38,28/03/2023,7,H,4,,0,1
101,36,JJ,TEMP-1,11,B,2,B,4,40,11.45,19.75,31.3,0.35,28/03/2023,7,H,4,,0,1
101,36,JJ,TEMP-1,11,B,2,B,4,36,11.35,19.73,30.33,0.34,20/03/2023,5,F,3,,0,1
101,36,JJ,TEMP-1,11,B,2,B,4,37,11.4,19.27,31.88,0.35,24/03/2023,6,G,3,,0,1
103,36,JJ,TEMP-1,11,B,2,B,4,35,11.3,18.89,30.42,0.29,20/03/2023,5,F,3,,0,1
104,36,JJ,TEMP-1,11,B,2,B,4,37,10.68,18.46,28.87,0.29,24/03/2023,6,G,3,,0,1
102,36,JJ,TEMP-1,11,B,2,B,4,37,10.7,17.85,29,0.33,24/03/2023,6,G,3,,0,1
104,36,JJ,TEMP-1,11,B,2,B,4,35,10.21,17.84,27.74,0.25,20/03/2023,5,F,3,,0,1
103,36,JJ,TEMP-1,11,B,2,B,4,33,10.54,17.32,27.49,0.23,16/03/2023,4,E,2,,0,1
101,36,JJ,TEMP-1,11,B,2,B,4,34,11.36,17.27,27.95,0.27,16/03/2023,4,E,2,,0,1
102,36,JJ,TEMP-1,11,B,2,B,4,35,10.25,16.77,27.1,0.23,20/03/2023,5,F,3,,0,1
104,36,JJ,TEMP-1,11,B,2,B,4,33,8.89,15.84,23.76,0.16,16/03/2023,4,E,2,,0,1
102,36,JJ,TEMP-1,11,B,2,B,4,33,9.57,15.61,25.45,0.19,16/03/2023,4,E,2,,0,1
101,36,JJ,TEMP-1,11,B,2,B,4,33,9.27,15.45,24.8,0.22,12/03/2023,3,D,2,,0,1
103,36,JJ,TEMP-1,11,B,2,B,4,32,8.73,14.4,23.48,0.16,12/03/2023,3,D,2,,0,1
102,36,JJ,TEMP-1,11,B,2,B,4,32,8.86,14.34,23.55,0.18,12/03/2023,3,D,2,,0,1
102,36,JJ,TEMP-1,11,B,2,B,4,29,8.33,12.32,19.94,0.11,08/03/2023,2,C,1,,0,1
104,36,JJ,TEMP-1,11,B,2,B,4,31,7.68,11.83,20.84,0.11,12/03/2023,3,D,2,,0,1
103,36,JJ,TEMP-1,11,B,2,B,4,30,7.85,11.76,19.61,0.1,08/03/2023,2,C,1,,0,1
101,36,JJ,TEMP-1,11,B,2,B,4,30,7.93,11.44,18.64,0.12,08/03/2023,2,C,1,,0,1
104,36,JJ,TEMP-1,11,B,2,B,4,28,6.74,10.01,17.04,0.05,04/03/2023,1,B,1,,0,1
103,36,JJ,TEMP-1,11,B,2,B,4,28,6.33,9.75,16.17,0.05,04/03/2023,1,B,1,,0,1
104,36,JJ,TEMP-1,11,B,2,B,4,29,7.11,9.73,16.48,0.07,08/03/2023,2,C,1,,0,1
102,36,JJ,TEMP-1,11,B,2,B,4,28,6.9,9.57,15.61,0.05,04/03/2023,1,B,1,,0,1
101,36,JJ,TEMP-1,11,B,2,B,4,28,5.35,9.44,14.2,0.03,04/03/2023,1,B,1,,0,1
101,36,JJ,TEMP-1,11,B,2,B,4,27,5.45,8.98,14.91,0.03,28/02/2023,0,A,0,,0,1
102,36,JJ,TEMP-1,11,B,2,B,4,27,5.49,8.72,14.33,0.03,28/02/2023,0,A,0,,0,1
103,36,JJ,TEMP-1,11,B,2,B,4,27,5.92,8.63,14.31,0.03,28/02/2023,0,A,0,,0,1
104,36,JJ,TEMP-1,11,B,2,B,4,27,6.4,7.49,13.18,0.03,28/02/2023,0,A,0,,0,1
